agile12_sub025_hemiL_,training
agile12_sub025_hemiR_,training
agile12_sub069_hemiL_,training
agile12_sub069_hemiR_,training
agile12_sub070_hemiL_,training
agile12_sub070_hemiR_,training
agile12_sub071_hemiL_,validation
agile12_sub071_hemiR_,validation
agile12_sub072_hemiL_,inference
agile12_sub072_hemiR_,inference
agile12_sub073_hemiL_,training
agile12_sub073_hemiR_,training
agile12_sub074_hemiL_,training
agile12_sub074_hemiR_,training
agile12_sub075_hemiL_,validation
agile12_sub075_hemiR_,validation
agile12_sub076_hemiL_,inference
agile12_sub076_hemiR_,inference
agile12_sub077_hemiL_,training
agile12_sub077_hemiR_,training
agile12_sub078_hemiL_,training
agile12_sub078_hemiR_,training
agile12_sub079_hemiL_,training
agile12_sub079_hemiR_,training
hcp_100206_hemiL_,validation
hcp_100206_hemiR_,validation
hcp_100307_hemiL_,training
hcp_100307_hemiR_,training
hcp_100408_hemiL_,training
hcp_100408_hemiR_,training
hcp_100610_hemiL_,inference
hcp_100610_hemiR_,inference
hcp_101006_hemiL_,inference
hcp_101006_hemiR_,inference
hcp_101107_hemiL_,inference
hcp_101107_hemiR_,inference
hcp_101309_hemiL_,training
hcp_101309_hemiR_,training
hcp_101915_hemiL_,training
hcp_101915_hemiR_,training
hcp_102008_hemiL_,inference
hcp_102008_hemiR_,inference
hcp_102109_hemiL_,training
hcp_102109_hemiR_,training
hcp_102311_hemiL_,training
hcp_102311_hemiR_,training
hcp_102513_hemiL_,inference
hcp_102513_hemiR_,inference
hcp_102614_hemiL_,inference
hcp_102614_hemiR_,inference
hcp_102715_hemiL_,inference
hcp_102715_hemiR_,inference
hcp_102816_hemiL_,training
hcp_102816_hemiR_,training
hcp_103414_hemiL_,inference
hcp_103414_hemiR_,inference
hcp_103515_hemiL_,validation
hcp_103515_hemiR_,validation
hcp_103818_hemiL_,validation
hcp_103818_hemiR_,validation
hcp_104012_hemiL_,inference
hcp_104012_hemiR_,inference
hcp_104416_hemiL_,training
hcp_104416_hemiR_,training
hcp_104820_hemiL_,training
hcp_104820_hemiR_,training
hcp_105014_hemiL_,training
hcp_105014_hemiR_,training
hcp_105115_hemiL_,training
hcp_105115_hemiR_,training
hcp_105216_hemiL_,training
hcp_105216_hemiR_,training
hcp_105620_hemiL_,training
hcp_105620_hemiR_,training
hcp_105923_hemiL_,training
hcp_105923_hemiR_,training
hcp_106016_hemiL_,inference
hcp_106016_hemiR_,inference
hcp_106319_hemiL_,validation
hcp_106319_hemiR_,validation
hcp_106521_hemiL_,inference
hcp_106521_hemiR_,inference
hcp_106824_hemiL_,training
hcp_106824_hemiR_,training
hcp_107018_hemiL_,training
hcp_107018_hemiR_,training
hcp_107220_hemiL_,inference
hcp_107220_hemiR_,inference
hcp_107321_hemiL_,training
hcp_107321_hemiR_,training
hcp_107422_hemiL_,training
hcp_107422_hemiR_,training
hcp_107725_hemiL_,validation
hcp_107725_hemiR_,validation
hcp_108020_hemiL_,training
hcp_108020_hemiR_,training
hcp_108121_hemiL_,training
hcp_108121_hemiR_,training
hcp_108222_hemiL_,training
hcp_108222_hemiR_,training
hcp_108323_hemiL_,validation
hcp_108323_hemiR_,validation
hcp_108525_hemiL_,training
hcp_108525_hemiR_,training
hcp_108828_hemiL_,training
hcp_108828_hemiR_,training
hcp_109123_hemiL_,training
hcp_109123_hemiR_,training
hcp_109830_hemiL_,training
hcp_109830_hemiR_,training
hcp_110007_hemiL_,training
hcp_110007_hemiR_,training
hcp_110411_hemiL_,validation
hcp_110411_hemiR_,validation
hcp_110613_hemiL_,training
hcp_110613_hemiR_,training
hcp_111009_hemiL_,training
hcp_111009_hemiR_,training
hcp_111211_hemiL_,validation
hcp_111211_hemiR_,validation
hcp_111312_hemiL_,validation
hcp_111312_hemiR_,validation
hcp_111413_hemiL_,training
hcp_111413_hemiR_,training
hcp_111514_hemiL_,inference
hcp_111514_hemiR_,inference
hcp_111716_hemiL_,validation
hcp_111716_hemiR_,validation
hcp_112112_hemiL_,training
hcp_112112_hemiR_,training
hcp_112314_hemiL_,validation
hcp_112314_hemiR_,validation
hcp_112516_hemiL_,training
hcp_112516_hemiR_,training
hcp_112819_hemiL_,training
hcp_112819_hemiR_,training
hcp_112920_hemiL_,training
hcp_112920_hemiR_,training
hcp_113215_hemiL_,training
hcp_113215_hemiR_,training
hcp_113316_hemiL_,training
hcp_113316_hemiR_,training
hcp_113417_hemiL_,validation
hcp_113417_hemiR_,validation
hcp_113619_hemiL_,training
hcp_113619_hemiR_,training
hcp_113821_hemiL_,inference
hcp_113821_hemiR_,inference
hcp_114116_hemiL_,training
hcp_114116_hemiR_,training
hcp_114217_hemiL_,training
hcp_114217_hemiR_,training
hcp_114318_hemiL_,training
hcp_114318_hemiR_,training
hcp_114621_hemiL_,training
hcp_114621_hemiR_,training
hcp_114823_hemiL_,validation
hcp_114823_hemiR_,validation
hcp_114924_hemiL_,training
hcp_115017_hemiL_,training
hcp_115017_hemiR_,training
hcp_115219_hemiL_,training
hcp_115219_hemiR_,training
hcp_115320_hemiL_,training
hcp_115320_hemiR_,training
hcp_115724_hemiL_,validation
hcp_115724_hemiR_,validation
hcp_116120_hemiL_,inference
hcp_116120_hemiR_,inference
hcp_116524_hemiL_,validation
hcp_116524_hemiR_,validation
hcp_116726_hemiL_,training
hcp_116726_hemiR_,training
hcp_117021_hemiL_,training
hcp_117021_hemiR_,training
hcp_117122_hemiL_,training
hcp_117122_hemiR_,training
hcp_117324_hemiL_,training
hcp_117324_hemiR_,training
hcp_117728_hemiL_,inference
hcp_117728_hemiR_,inference
hcp_117930_hemiL_,training
hcp_117930_hemiR_,training
hcp_118023_hemiL_,validation
hcp_118023_hemiR_,validation
hcp_118124_hemiL_,validation
hcp_118124_hemiR_,validation
hcp_118225_hemiL_,inference
hcp_118225_hemiR_,inference
hcp_118528_hemiL_,training
hcp_118528_hemiR_,training
hcp_118730_hemiL_,validation
hcp_118730_hemiR_,validation
hcp_118831_hemiL_,validation
hcp_118831_hemiR_,validation
hcp_118932_hemiL_,inference
hcp_118932_hemiR_,inference
hcp_119732_hemiL_,validation
hcp_119732_hemiR_,validation
hcp_119833_hemiL_,training
hcp_119833_hemiR_,training
hcp_120010_hemiL_,training
hcp_120010_hemiR_,training
hcp_120111_hemiL_,inference
hcp_120111_hemiR_,inference
hcp_120212_hemiL_,training
hcp_120212_hemiR_,training
hcp_120414_hemiL_,inference
hcp_120414_hemiR_,inference
hcp_120515_hemiL_,training
hcp_120515_hemiR_,training
hcp_120717_hemiL_,training
hcp_120717_hemiR_,training
hcp_121315_hemiL_,training
hcp_121315_hemiR_,training
hcp_121416_hemiL_,inference
hcp_121416_hemiR_,inference
hcp_121719_hemiL_,training
hcp_121719_hemiR_,training
hcp_121921_hemiL_,training
hcp_121921_hemiR_,training
hcp_122317_hemiL_,validation
hcp_122317_hemiR_,validation
hcp_122418_hemiL_,training
hcp_122418_hemiR_,training
hcp_122620_hemiL_,training
hcp_122620_hemiR_,training
hcp_122822_hemiL_,validation
hcp_122822_hemiR_,validation
hcp_123117_hemiR_,training
hcp_123420_hemiL_,training
hcp_123420_hemiR_,training
hcp_123521_hemiL_,training
hcp_123521_hemiR_,training
hcp_123723_hemiL_,training
hcp_123723_hemiR_,training
hcp_123925_hemiL_,training
hcp_123925_hemiR_,training
hcp_124220_hemiL_,inference
hcp_124220_hemiR_,inference
hcp_124422_hemiL_,validation
hcp_124422_hemiR_,validation
hcp_124624_hemiL_,training
hcp_124624_hemiR_,training
hcp_124826_hemiL_,training
hcp_124826_hemiR_,training
hcp_125222_hemiL_,inference
hcp_125222_hemiR_,inference
hcp_125424_hemiL_,training
hcp_125424_hemiR_,training
hcp_125525_hemiL_,training
hcp_125525_hemiR_,training
hcp_126426_hemiL_,training
hcp_126426_hemiR_,training
hcp_126628_hemiL_,training
hcp_126628_hemiR_,training
hcp_127226_hemiL_,training
hcp_127226_hemiR_,training
hcp_127630_hemiL_,training
hcp_127630_hemiR_,training
hcp_127731_hemiL_,validation
hcp_127731_hemiR_,validation
hcp_127832_hemiL_,inference
hcp_127832_hemiR_,inference
hcp_128026_hemiL_,training
hcp_128026_hemiR_,training
hcp_128127_hemiL_,training
hcp_128127_hemiR_,training
hcp_128329_hemiL_,inference
hcp_128329_hemiR_,inference
hcp_128632_hemiL_,training
hcp_128632_hemiR_,training
hcp_128935_hemiL_,training
hcp_128935_hemiR_,training
hcp_129028_hemiL_,training
hcp_129028_hemiR_,training
hcp_129129_hemiL_,training
hcp_129129_hemiR_,training
hcp_129331_hemiL_,training
hcp_129331_hemiR_,training
hcp_129432_hemiL_,training
hcp_129432_hemiR_,training
hcp_129634_hemiL_,training
hcp_129634_hemiR_,training
hcp_129937_hemiL_,inference
hcp_129937_hemiR_,inference
hcp_130013_hemiL_,training
hcp_130013_hemiR_,training
hcp_130114_hemiL_,training
hcp_130114_hemiR_,training
hcp_130316_hemiL_,training
hcp_130316_hemiR_,training
hcp_130417_hemiL_,training
hcp_130417_hemiR_,training
hcp_130518_hemiL_,training
hcp_130518_hemiR_,training
hcp_130619_hemiR_,validation
hcp_130720_hemiL_,inference
hcp_130720_hemiR_,inference
hcp_130922_hemiL_,training
hcp_130922_hemiR_,training
hcp_131217_hemiL_,inference
hcp_131217_hemiR_,inference
hcp_131419_hemiL_,training
hcp_131419_hemiR_,training
hcp_131621_hemiL_,training
hcp_131621_hemiR_,training
hcp_131722_hemiL_,training
hcp_131722_hemiR_,training
hcp_131823_hemiL_,training
hcp_131823_hemiR_,training
hcp_131924_hemiL_,training
hcp_131924_hemiR_,training
hcp_132017_hemiL_,training
hcp_132017_hemiR_,training
hcp_132118_hemiL_,training
hcp_132118_hemiR_,training
hcp_133019_hemiL_,validation
hcp_133019_hemiR_,validation
hcp_133625_hemiL_,training
hcp_133625_hemiR_,training
hcp_133928_hemiL_,training
hcp_133928_hemiR_,training
hcp_134021_hemiL_,training
hcp_134021_hemiR_,training
hcp_134223_hemiL_,validation
hcp_134223_hemiR_,validation
hcp_134324_hemiL_,training
hcp_134324_hemiR_,training
hcp_134425_hemiL_,training
hcp_134425_hemiR_,training
hcp_134627_hemiL_,training
hcp_134627_hemiR_,training
hcp_134728_hemiL_,inference
hcp_134728_hemiR_,inference
hcp_135124_hemiL_,training
hcp_135124_hemiR_,training
hcp_135225_hemiL_,inference
hcp_135225_hemiR_,inference
hcp_135528_hemiL_,training
hcp_135528_hemiR_,training
hcp_135629_hemiL_,inference
hcp_135629_hemiR_,inference
hcp_135730_hemiL_,training
hcp_135730_hemiR_,training
hcp_135932_hemiL_,training
hcp_135932_hemiR_,training
hcp_136126_hemiL_,validation
hcp_136126_hemiR_,validation
hcp_136227_hemiL_,training
hcp_136227_hemiR_,training
hcp_136631_hemiL_,training
hcp_136631_hemiR_,training
hcp_136732_hemiL_,training
hcp_136732_hemiR_,training
hcp_136833_hemiL_,training
hcp_136833_hemiR_,training
hcp_137027_hemiL_,training
hcp_137027_hemiR_,training
hcp_137128_hemiL_,training
hcp_137128_hemiR_,training
hcp_137229_hemiL_,training
hcp_137229_hemiR_,training
hcp_137431_hemiL_,training
hcp_137431_hemiR_,training
hcp_137532_hemiL_,validation
hcp_137532_hemiR_,validation
hcp_137633_hemiL_,training
hcp_137633_hemiR_,training
hcp_137936_hemiL_,training
hcp_137936_hemiR_,training
hcp_138130_hemiL_,validation
hcp_138130_hemiR_,validation
hcp_138231_hemiL_,training
hcp_138231_hemiR_,training
hcp_138332_hemiL_,training
hcp_138332_hemiR_,training
hcp_138534_hemiL_,training
hcp_138534_hemiR_,training
hcp_138837_hemiL_,validation
hcp_138837_hemiR_,validation
hcp_139233_hemiL_,training
hcp_139233_hemiR_,training
hcp_139435_hemiL_,training
hcp_139435_hemiR_,training
hcp_139637_hemiL_,training
hcp_139637_hemiR_,training
hcp_139839_hemiL_,validation
hcp_139839_hemiR_,validation
hcp_140117_hemiL_,validation
hcp_140117_hemiR_,validation
hcp_140319_hemiL_,training
hcp_140319_hemiR_,training
hcp_140420_hemiL_,training
hcp_140420_hemiR_,training
hcp_140824_hemiL_,training
hcp_140824_hemiR_,training
hcp_140925_hemiL_,inference
hcp_140925_hemiR_,inference
hcp_141119_hemiL_,training
hcp_141119_hemiR_,training
hcp_141422_hemiL_,training
hcp_141422_hemiR_,training
hcp_141826_hemiL_,inference
hcp_141826_hemiR_,inference
hcp_143224_hemiL_,training
hcp_143224_hemiR_,training
hcp_143325_hemiL_,validation
hcp_143325_hemiR_,validation
hcp_143426_hemiL_,training
hcp_143426_hemiR_,training
hcp_143830_hemiL_,training
hcp_143830_hemiR_,training
hcp_144125_hemiL_,validation
hcp_144125_hemiR_,validation
hcp_144226_hemiL_,inference
hcp_144226_hemiR_,inference
hcp_144428_hemiL_,training
hcp_144428_hemiR_,training
hcp_144731_hemiL_,training
hcp_144731_hemiR_,training
hcp_144832_hemiL_,training
hcp_144832_hemiR_,training
hcp_144933_hemiL_,inference
hcp_144933_hemiR_,inference
hcp_145531_hemiL_,training
hcp_145531_hemiR_,training
hcp_145632_hemiL_,validation
hcp_145632_hemiR_,validation
hcp_145834_hemiL_,training
hcp_145834_hemiR_,training
hcp_146129_hemiL_,training
hcp_146129_hemiR_,training
hcp_146331_hemiL_,validation
hcp_146331_hemiR_,validation
hcp_146432_hemiL_,training
hcp_146432_hemiR_,training
hcp_146533_hemiL_,training
hcp_146533_hemiR_,training
hcp_146634_hemiL_,training
hcp_146634_hemiR_,training
hcp_146735_hemiL_,inference
hcp_146735_hemiR_,inference
hcp_146836_hemiL_,validation
hcp_146836_hemiR_,validation
hcp_146937_hemiL_,training
hcp_146937_hemiR_,training
hcp_147030_hemiL_,training
hcp_147030_hemiR_,training
hcp_147636_hemiL_,training
hcp_147636_hemiR_,training
hcp_147737_hemiL_,training
hcp_147737_hemiR_,training
hcp_148032_hemiL_,training
hcp_148032_hemiR_,training
hcp_148133_hemiL_,training
hcp_148133_hemiR_,training
hcp_148335_hemiL_,training
hcp_148335_hemiR_,training
hcp_148436_hemiL_,training
hcp_148436_hemiR_,training
hcp_148840_hemiL_,training
hcp_148840_hemiR_,training
hcp_148941_hemiL_,validation
hcp_148941_hemiR_,validation
hcp_149236_hemiL_,training
hcp_149236_hemiR_,training
hcp_149337_hemiL_,training
hcp_149337_hemiR_,training
hcp_149539_hemiL_,training
hcp_149539_hemiR_,training
hcp_149842_hemiL_,training
hcp_149842_hemiR_,training
hcp_150019_hemiL_,training
hcp_150019_hemiR_,training
hcp_150423_hemiL_,training
hcp_150423_hemiR_,training
hcp_150524_hemiL_,training
hcp_150524_hemiR_,training
hcp_150625_hemiL_,training
hcp_150625_hemiR_,training
hcp_150726_hemiL_,inference
hcp_150726_hemiR_,inference
hcp_150928_hemiL_,inference
hcp_150928_hemiR_,inference
hcp_151021_hemiL_,inference
hcp_151021_hemiR_,inference
hcp_151223_hemiL_,validation
hcp_151223_hemiR_,validation
hcp_151324_hemiL_,inference
hcp_151324_hemiR_,inference
hcp_151425_hemiL_,training
hcp_151425_hemiR_,training
hcp_151627_hemiL_,training
hcp_151627_hemiR_,training
hcp_151728_hemiL_,training
hcp_151728_hemiR_,training
hcp_151829_hemiL_,training
hcp_151829_hemiR_,training
hcp_151930_hemiL_,validation
hcp_151930_hemiR_,validation
hcp_152225_hemiL_,training
hcp_152225_hemiR_,training
hcp_152427_hemiL_,training
hcp_152427_hemiR_,training
hcp_152831_hemiL_,training
hcp_152831_hemiR_,training
hcp_153025_hemiL_,inference
hcp_153025_hemiR_,inference
hcp_153126_hemiL_,training
hcp_153126_hemiR_,training
hcp_153227_hemiL_,training
hcp_153227_hemiR_,training
hcp_153429_hemiL_,training
hcp_153429_hemiR_,training
hcp_153631_hemiL_,training
hcp_153631_hemiR_,training
hcp_153732_hemiL_,training
hcp_153732_hemiR_,training
hcp_153833_hemiL_,training
hcp_153833_hemiR_,training
hcp_153934_hemiL_,training
hcp_153934_hemiR_,training
hcp_154229_hemiL_,training
hcp_154229_hemiR_,training
hcp_154330_hemiL_,inference
hcp_154330_hemiR_,inference
hcp_154532_hemiL_,validation
hcp_154532_hemiR_,validation
hcp_154734_hemiL_,training
hcp_154734_hemiR_,training
hcp_154835_hemiL_,training
hcp_154835_hemiR_,training
hcp_154936_hemiL_,training
hcp_154936_hemiR_,training
hcp_155231_hemiL_,training
hcp_155231_hemiR_,training
hcp_155635_hemiL_,training
hcp_155635_hemiR_,training
hcp_155938_hemiR_,training
hcp_156031_hemiL_,training
hcp_156031_hemiR_,training
hcp_156233_hemiL_,training
hcp_156233_hemiR_,training
hcp_156334_hemiL_,training
hcp_156334_hemiR_,training
hcp_156435_hemiL_,training
hcp_156435_hemiR_,training
hcp_156536_hemiL_,training
hcp_156536_hemiR_,training
hcp_156637_hemiL_,validation
hcp_156637_hemiR_,validation
hcp_157336_hemiL_,inference
hcp_157336_hemiR_,inference
hcp_157437_hemiL_,inference
hcp_157437_hemiR_,inference
hcp_157942_hemiL_,training
hcp_157942_hemiR_,training
hcp_158035_hemiL_,validation
hcp_158035_hemiR_,validation
hcp_158136_hemiL_,training
hcp_158136_hemiR_,training
hcp_158338_hemiL_,training
hcp_158338_hemiR_,training
hcp_158843_hemiL_,training
hcp_158843_hemiR_,training
hcp_159138_hemiL_,training
hcp_159138_hemiR_,training
hcp_159239_hemiL_,inference
hcp_159239_hemiR_,inference
hcp_159340_hemiL_,training
hcp_159340_hemiR_,training
hcp_159441_hemiL_,training
hcp_159441_hemiR_,training
hcp_159744_hemiL_,training
hcp_159744_hemiR_,training
hcp_159845_hemiL_,training
hcp_159845_hemiR_,training
hcp_160123_hemiL_,training
hcp_160123_hemiR_,training
hcp_160729_hemiL_,inference
hcp_160729_hemiR_,inference
hcp_160830_hemiL_,training
hcp_160830_hemiR_,training
hcp_160931_hemiL_,validation
hcp_160931_hemiR_,validation
hcp_161630_hemiL_,training
hcp_161630_hemiR_,training
hcp_161731_hemiL_,training
hcp_161731_hemiR_,training
hcp_161832_hemiL_,training
hcp_161832_hemiR_,training
hcp_162026_hemiL_,training
hcp_162026_hemiR_,training
hcp_162228_hemiL_,training
hcp_162228_hemiR_,training
hcp_162329_hemiL_,validation
hcp_162329_hemiR_,validation
hcp_162733_hemiL_,training
hcp_162733_hemiR_,training
hcp_162935_hemiL_,inference
hcp_162935_hemiR_,inference
hcp_163129_hemiL_,training
hcp_163129_hemiR_,training
hcp_163331_hemiL_,training
hcp_163331_hemiR_,training
hcp_163432_hemiL_,inference
hcp_163432_hemiR_,inference
hcp_163836_hemiL_,inference
hcp_163836_hemiR_,inference
hcp_164030_hemiL_,training
hcp_164030_hemiR_,training
hcp_164131_hemiL_,validation
hcp_164131_hemiR_,validation
hcp_164636_hemiL_,inference
hcp_164636_hemiR_,inference
hcp_164939_hemiL_,training
hcp_164939_hemiR_,training
hcp_165032_hemiL_,inference
hcp_165032_hemiR_,inference
hcp_165234_hemiL_,training
hcp_165234_hemiR_,training
hcp_165840_hemiL_,inference
hcp_165840_hemiR_,inference
hcp_165941_hemiL_,training
hcp_165941_hemiR_,training
hcp_166438_hemiL_,training
hcp_166438_hemiR_,training
hcp_166640_hemiL_,training
hcp_166640_hemiR_,training
hcp_167036_hemiL_,training
hcp_167036_hemiR_,training
hcp_167238_hemiL_,training
hcp_167238_hemiR_,training
hcp_167440_hemiL_,training
hcp_167440_hemiR_,training
hcp_167743_hemiL_,inference
hcp_167743_hemiR_,inference
hcp_168038_hemiL_,training
hcp_168038_hemiR_,training
hcp_168240_hemiL_,validation
hcp_168240_hemiR_,validation
hcp_168745_hemiL_,training
hcp_168745_hemiR_,training
hcp_168947_hemiL_,training
hcp_168947_hemiR_,training
hcp_169040_hemiL_,inference
hcp_169040_hemiR_,inference
hcp_169141_hemiL_,training
hcp_169141_hemiR_,training
hcp_169343_hemiL_,inference
hcp_169343_hemiR_,inference
hcp_169444_hemiL_,training
hcp_169444_hemiR_,training
hcp_169545_hemiL_,training
hcp_169545_hemiR_,training
hcp_169747_hemiL_,inference
hcp_169747_hemiR_,inference
hcp_169949_hemiL_,training
hcp_169949_hemiR_,training
hcp_170631_hemiL_,training
hcp_170631_hemiR_,training
hcp_170934_hemiL_,training
hcp_170934_hemiR_,training
hcp_171128_hemiL_,training
hcp_171128_hemiR_,training
hcp_171330_hemiL_,training
hcp_171330_hemiR_,training
hcp_171431_hemiL_,training
hcp_171431_hemiR_,training
hcp_171633_hemiL_,training
hcp_171633_hemiR_,training
hcp_171734_hemiL_,inference
hcp_171734_hemiR_,inference
hcp_172029_hemiL_,validation
hcp_172029_hemiR_,validation
hcp_172130_hemiL_,training
hcp_172130_hemiR_,training
hcp_172332_hemiL_,training
hcp_172332_hemiR_,training
hcp_172433_hemiL_,training
hcp_172433_hemiR_,training
hcp_172534_hemiL_,training
hcp_172534_hemiR_,training
hcp_172635_hemiL_,training
hcp_172635_hemiR_,training
hcp_172938_hemiL_,validation
hcp_172938_hemiR_,validation
hcp_173132_hemiL_,validation
hcp_173132_hemiR_,validation
hcp_173435_hemiL_,training
hcp_173435_hemiR_,training
hcp_173536_hemiL_,training
hcp_173536_hemiR_,training
hcp_173637_hemiL_,training
hcp_173637_hemiR_,training
hcp_173738_hemiL_,inference
hcp_173738_hemiR_,inference
hcp_173839_hemiL_,training
hcp_173839_hemiR_,training
hcp_173940_hemiL_,inference
hcp_173940_hemiR_,inference
hcp_174437_hemiL_,training
hcp_174437_hemiR_,training
hcp_174841_hemiL_,training
hcp_174841_hemiR_,training
hcp_175035_hemiL_,training
hcp_175035_hemiR_,training
hcp_175136_hemiL_,inference
hcp_175136_hemiR_,inference
hcp_175237_hemiL_,validation
hcp_175237_hemiR_,validation
hcp_175338_hemiL_,training
hcp_175338_hemiR_,training
hcp_175439_hemiL_,training
hcp_175439_hemiR_,training
hcp_175540_hemiL_,inference
hcp_175540_hemiR_,inference
hcp_175742_hemiL_,training
hcp_175742_hemiR_,training
hcp_176037_hemiR_,training
hcp_176239_hemiL_,training
hcp_176239_hemiR_,training
hcp_176542_hemiL_,training
hcp_176542_hemiR_,training
hcp_176744_hemiL_,training
hcp_176744_hemiR_,training
hcp_176845_hemiL_,validation
hcp_176845_hemiR_,validation
hcp_177140_hemiL_,training
hcp_177140_hemiR_,training
hcp_177241_hemiL_,training
hcp_177241_hemiR_,training
hcp_177342_hemiL_,validation
hcp_177342_hemiR_,validation
hcp_177645_hemiL_,training
hcp_177645_hemiR_,training
hcp_177746_hemiL_,training
hcp_177746_hemiR_,training
hcp_178142_hemiL_,inference
hcp_178142_hemiR_,inference
hcp_178647_hemiL_,inference
hcp_178647_hemiR_,inference
hcp_178748_hemiL_,training
hcp_178748_hemiR_,training
hcp_178950_hemiL_,validation
hcp_178950_hemiR_,validation
hcp_179245_hemiL_,training
hcp_179245_hemiR_,training
hcp_179346_hemiL_,validation
hcp_179346_hemiR_,validation
hcp_179548_hemiL_,validation
hcp_179548_hemiR_,validation
hcp_180129_hemiL_,training
hcp_180129_hemiR_,training
hcp_180230_hemiL_,training
hcp_180230_hemiR_,training
hcp_180432_hemiL_,validation
hcp_180432_hemiR_,validation
hcp_180735_hemiL_,training
hcp_180735_hemiR_,training
hcp_180937_hemiL_,training
hcp_180937_hemiR_,training
hcp_181131_hemiL_,training
hcp_181131_hemiR_,training
hcp_181232_hemiL_,validation
hcp_181232_hemiR_,validation
hcp_181636_hemiL_,validation
hcp_181636_hemiR_,validation
hcp_182032_hemiL_,training
hcp_182032_hemiR_,training
hcp_182436_hemiL_,validation
hcp_182436_hemiR_,validation
hcp_182739_hemiL_,training
hcp_182739_hemiR_,training
hcp_182840_hemiL_,training
hcp_182840_hemiR_,training
hcp_183034_hemiL_,training
hcp_183034_hemiR_,training
hcp_183337_hemiL_,training
hcp_183337_hemiR_,training
hcp_183741_hemiL_,training
hcp_183741_hemiR_,training
hcp_185038_hemiL_,training
hcp_185038_hemiR_,training
hcp_185139_hemiL_,training
hcp_185139_hemiR_,training
hcp_185341_hemiL_,training
hcp_185341_hemiR_,training
hcp_185442_hemiL_,inference
hcp_185442_hemiR_,inference
hcp_185846_hemiL_,validation
hcp_185846_hemiR_,validation
hcp_185947_hemiL_,training
hcp_185947_hemiR_,training
hcp_186040_hemiL_,training
hcp_186040_hemiR_,training
hcp_186141_hemiL_,training
hcp_186141_hemiR_,training
hcp_186444_hemiL_,training
hcp_186444_hemiR_,training
hcp_186545_hemiL_,training
hcp_186545_hemiR_,training
hcp_186848_hemiL_,training
hcp_186848_hemiR_,training
hcp_187547_hemiL_,validation
hcp_187547_hemiR_,validation
hcp_187850_hemiL_,training
hcp_187850_hemiR_,training
hcp_188145_hemiL_,inference
hcp_188145_hemiR_,inference
hcp_188347_hemiL_,training
hcp_188347_hemiR_,training
hcp_188448_hemiL_,training
hcp_188448_hemiR_,training
hcp_188549_hemiL_,training
hcp_188549_hemiR_,training
hcp_188751_hemiL_,training
hcp_188751_hemiR_,training
hcp_189349_hemiL_,training
hcp_189349_hemiR_,training
hcp_189450_hemiL_,training
hcp_189450_hemiR_,training
hcp_189652_hemiL_,training
hcp_189652_hemiR_,training
hcp_190031_hemiL_,training
hcp_190031_hemiR_,training
hcp_190132_hemiL_,training
hcp_190132_hemiR_,training
hcp_191033_hemiL_,training
hcp_191033_hemiR_,training
hcp_191235_hemiL_,training
hcp_191235_hemiR_,training
hcp_191336_hemiL_,training
hcp_191336_hemiR_,training
hcp_191437_hemiL_,training
hcp_191437_hemiR_,training
hcp_191841_hemiL_,training
hcp_191841_hemiR_,training
hcp_192035_hemiL_,training
hcp_192035_hemiR_,training
hcp_192136_hemiL_,training
hcp_192136_hemiR_,training
hcp_192237_hemiL_,training
hcp_192237_hemiR_,training
hcp_192439_hemiL_,training
hcp_192439_hemiR_,training
hcp_192540_hemiL_,training
hcp_192540_hemiR_,training
hcp_192641_hemiL_,training
hcp_192641_hemiR_,training
hcp_192843_hemiL_,inference
hcp_192843_hemiR_,inference
hcp_193239_hemiL_,validation
hcp_193239_hemiR_,validation
hcp_193845_hemiL_,training
hcp_193845_hemiR_,training
hcp_194140_hemiL_,training
hcp_194140_hemiR_,training
hcp_194443_hemiL_,inference
hcp_194443_hemiR_,inference
hcp_194645_hemiL_,training
hcp_194645_hemiR_,training
hcp_194746_hemiL_,training
hcp_194746_hemiR_,training
hcp_194847_hemiL_,inference
hcp_194847_hemiR_,inference
hcp_195041_hemiL_,training
hcp_195041_hemiR_,training
hcp_195445_hemiL_,validation
hcp_195445_hemiR_,validation
hcp_195647_hemiL_,training
hcp_195647_hemiR_,training
hcp_195849_hemiL_,training
hcp_195849_hemiR_,training
hcp_195950_hemiL_,validation
hcp_195950_hemiR_,validation
hcp_196144_hemiL_,inference
hcp_196144_hemiR_,inference
hcp_196346_hemiL_,training
hcp_196346_hemiR_,training
hcp_196851_hemiL_,training
hcp_196851_hemiR_,training
hcp_196952_hemiL_,training
hcp_196952_hemiR_,training
hcp_197348_hemiL_,training
hcp_197348_hemiR_,training
hcp_197449_hemiL_,validation
hcp_197449_hemiR_,validation
hcp_197550_hemiL_,training
hcp_197550_hemiR_,training
hcp_197651_hemiL_,training
hcp_197651_hemiR_,training
hcp_198047_hemiL_,inference
hcp_198047_hemiR_,inference
hcp_198350_hemiL_,training
hcp_198350_hemiR_,training
hcp_198451_hemiL_,training
hcp_198451_hemiR_,training
hcp_198653_hemiL_,validation
hcp_198653_hemiR_,validation
hcp_198855_hemiL_,inference
hcp_198855_hemiR_,inference
hcp_199150_hemiL_,training
hcp_199150_hemiR_,training
hcp_199251_hemiL_,training
hcp_199251_hemiR_,training
hcp_199352_hemiL_,training
hcp_199352_hemiR_,training
hcp_199453_hemiL_,training
hcp_199453_hemiR_,training
hcp_199655_hemiL_,training
hcp_199655_hemiR_,training
hcp_200008_hemiL_,inference
hcp_200008_hemiR_,inference
hcp_200109_hemiL_,inference
hcp_200109_hemiR_,inference
hcp_200311_hemiL_,training
hcp_200311_hemiR_,training
hcp_200513_hemiL_,training
hcp_200513_hemiR_,training
hcp_200917_hemiL_,validation
hcp_200917_hemiR_,validation
hcp_201111_hemiL_,training
hcp_201111_hemiR_,training
hcp_201414_hemiL_,inference
hcp_201414_hemiR_,inference
hcp_201515_hemiL_,training
hcp_201515_hemiR_,training
hcp_201818_hemiL_,training
hcp_201818_hemiR_,training
hcp_202113_hemiL_,training
hcp_202113_hemiR_,training
hcp_202719_hemiL_,training
hcp_202719_hemiR_,training
hcp_203418_hemiL_,training
hcp_203418_hemiR_,training
hcp_203721_hemiL_,training
hcp_203721_hemiR_,training
hcp_203923_hemiL_,training
hcp_203923_hemiR_,training
hcp_204016_hemiL_,inference
hcp_204016_hemiR_,inference
hcp_204319_hemiL_,validation
hcp_204319_hemiR_,validation
hcp_204420_hemiL_,training
hcp_204420_hemiR_,training
hcp_204521_hemiL_,training
hcp_204521_hemiR_,training
hcp_204622_hemiL_,training
hcp_204622_hemiR_,training
hcp_205220_hemiL_,validation
hcp_205220_hemiR_,validation
hcp_205725_hemiL_,training
hcp_205725_hemiR_,training
hcp_205826_hemiL_,training
hcp_205826_hemiR_,training
hcp_206222_hemiL_,training
hcp_206222_hemiR_,training
hcp_206323_hemiL_,training
hcp_206323_hemiR_,training
hcp_206525_hemiL_,training
hcp_206525_hemiR_,training
hcp_206727_hemiL_,training
hcp_206727_hemiR_,training
hcp_206929_hemiL_,training
hcp_206929_hemiR_,training
hcp_207426_hemiL_,training
hcp_207426_hemiR_,training
hcp_207628_hemiL_,inference
hcp_207628_hemiR_,inference
hcp_208024_hemiL_,training
hcp_208024_hemiR_,training
hcp_208125_hemiL_,inference
hcp_208125_hemiR_,inference
hcp_208226_hemiL_,training
hcp_208226_hemiR_,training
hcp_208327_hemiL_,training
hcp_208327_hemiR_,training
hcp_208428_hemiL_,training
hcp_208428_hemiR_,training
hcp_208630_hemiL_,validation
hcp_208630_hemiR_,validation
hcp_209127_hemiL_,training
hcp_209127_hemiR_,training
hcp_209228_hemiL_,validation
hcp_209228_hemiR_,validation
hcp_209329_hemiL_,inference
hcp_209329_hemiR_,inference
hcp_209531_hemiL_,inference
hcp_209531_hemiR_,inference
hcp_209834_hemiL_,inference
hcp_209834_hemiR_,inference
hcp_209935_hemiL_,training
hcp_209935_hemiR_,training
hcp_210011_hemiL_,inference
hcp_210011_hemiR_,inference
hcp_210112_hemiL_,training
hcp_210112_hemiR_,training
hcp_210415_hemiL_,training
hcp_210415_hemiR_,training
hcp_210617_hemiL_,training
hcp_210617_hemiR_,training
hcp_211114_hemiL_,inference
hcp_211114_hemiR_,inference
hcp_211215_hemiL_,training
hcp_211215_hemiR_,training
hcp_211316_hemiL_,training
hcp_211316_hemiR_,training
hcp_211417_hemiL_,training
hcp_211417_hemiR_,training
hcp_211619_hemiL_,inference
hcp_211619_hemiR_,inference
hcp_211821_hemiL_,inference
hcp_211821_hemiR_,inference
hcp_211922_hemiL_,inference
hcp_211922_hemiR_,inference
hcp_212015_hemiL_,training
hcp_212015_hemiR_,training
hcp_212116_hemiL_,training
hcp_212116_hemiR_,training
hcp_212217_hemiL_,training
hcp_212217_hemiR_,training
hcp_212318_hemiL_,training
hcp_212318_hemiR_,training
hcp_212419_hemiL_,training
hcp_212419_hemiR_,training
hcp_212823_hemiL_,training
hcp_212823_hemiR_,training
hcp_213017_hemiL_,training
hcp_213017_hemiR_,training
hcp_213421_hemiL_,training
hcp_213421_hemiR_,training
hcp_213522_hemiL_,training
hcp_213522_hemiR_,training
hcp_214019_hemiL_,training
hcp_214019_hemiR_,training
hcp_214221_hemiL_,inference
hcp_214221_hemiR_,inference
hcp_214524_hemiL_,inference
hcp_214524_hemiR_,inference
hcp_214625_hemiL_,training
hcp_214625_hemiR_,training
hcp_217126_hemiR_,validation
hcp_217429_hemiL_,training
hcp_217429_hemiR_,training
hcp_219231_hemiL_,training
hcp_219231_hemiR_,training
hcp_220721_hemiL_,training
hcp_220721_hemiR_,training
hcp_221218_hemiL_,training
hcp_221218_hemiR_,training
hcp_221319_hemiL_,training
hcp_221319_hemiR_,training
hcp_223929_hemiL_,training
hcp_223929_hemiR_,training
hcp_224022_hemiL_,training
hcp_224022_hemiR_,training
hcp_227432_hemiL_,training
hcp_227432_hemiR_,training
hcp_227533_hemiL_,training
hcp_227533_hemiR_,training
hcp_228434_hemiL_,inference
hcp_228434_hemiR_,inference
hcp_231928_hemiL_,validation
hcp_231928_hemiR_,validation
hcp_233326_hemiL_,training
hcp_233326_hemiR_,training
hcp_236130_hemiL_,training
hcp_236130_hemiR_,training
hcp_237334_hemiL_,training
hcp_237334_hemiR_,training
hcp_238033_hemiL_,validation
hcp_238033_hemiR_,validation
hcp_239136_hemiL_,training
hcp_239136_hemiR_,training
hcp_239944_hemiL_,training
hcp_239944_hemiR_,training
hcp_245333_hemiL_,training
hcp_245333_hemiR_,training
hcp_246133_hemiL_,training
hcp_246133_hemiR_,training
hcp_248238_hemiL_,training
hcp_248238_hemiR_,training
hcp_248339_hemiL_,training
hcp_248339_hemiR_,training
hcp_249947_hemiL_,training
hcp_249947_hemiR_,training
hcp_250427_hemiL_,validation
hcp_250427_hemiR_,validation
hcp_250932_hemiL_,inference
hcp_250932_hemiR_,inference
hcp_251833_hemiL_,training
hcp_251833_hemiR_,training
hcp_255639_hemiL_,training
hcp_255639_hemiR_,training
hcp_255740_hemiL_,training
hcp_255740_hemiR_,training
hcp_256540_hemiL_,validation
hcp_256540_hemiR_,validation
hcp_257542_hemiL_,inference
hcp_257542_hemiR_,inference
hcp_257845_hemiL_,training
hcp_257845_hemiR_,training
hcp_257946_hemiL_,training
hcp_257946_hemiR_,training
hcp_263436_hemiL_,training
hcp_263436_hemiR_,training
hcp_268850_hemiL_,training
hcp_268850_hemiR_,training
hcp_270332_hemiL_,inference
hcp_270332_hemiR_,inference
hcp_275645_hemiL_,training
hcp_275645_hemiR_,training
hcp_280739_hemiL_,training
hcp_280739_hemiR_,training
hcp_280941_hemiL_,training
hcp_280941_hemiR_,training
hcp_281135_hemiL_,training
hcp_281135_hemiR_,training
hcp_283543_hemiL_,inference
hcp_283543_hemiR_,inference
hcp_285345_hemiL_,training
hcp_285345_hemiR_,training
hcp_285446_hemiL_,training
hcp_285446_hemiR_,training
hcp_286347_hemiL_,training
hcp_286347_hemiR_,training
hcp_286650_hemiL_,training
hcp_286650_hemiR_,training
hcp_287248_hemiL_,training
hcp_287248_hemiR_,training
hcp_289555_hemiL_,training
hcp_289555_hemiR_,training
hcp_290136_hemiL_,inference
hcp_290136_hemiR_,inference
hcp_293748_hemiL_,training
hcp_293748_hemiR_,training
hcp_297655_hemiL_,training
hcp_297655_hemiR_,training
hcp_298455_hemiL_,training
hcp_298455_hemiR_,training
hcp_299154_hemiL_,training
hcp_299154_hemiR_,training
hcp_299760_hemiL_,training
hcp_299760_hemiR_,training
hcp_300618_hemiL_,training
hcp_300618_hemiR_,training
hcp_300719_hemiL_,training
hcp_300719_hemiR_,training
hcp_303119_hemiL_,training
hcp_303119_hemiR_,training
hcp_303624_hemiL_,training
hcp_303624_hemiR_,training
hcp_304020_hemiL_,training
hcp_304020_hemiR_,training
hcp_304727_hemiL_,training
hcp_304727_hemiR_,training
hcp_305830_hemiL_,training
hcp_305830_hemiR_,training
hcp_307127_hemiL_,validation
hcp_307127_hemiR_,validation
hcp_308129_hemiL_,validation
hcp_308129_hemiR_,validation
hcp_309636_hemiL_,training
hcp_309636_hemiR_,training
hcp_310621_hemiL_,training
hcp_310621_hemiR_,training
hcp_311320_hemiL_,training
hcp_311320_hemiR_,training
hcp_314225_hemiL_,training
hcp_314225_hemiR_,training
hcp_316633_hemiL_,training
hcp_316633_hemiR_,training
hcp_316835_hemiL_,training
hcp_316835_hemiR_,training
hcp_317332_hemiL_,validation
hcp_317332_hemiR_,validation
hcp_318637_hemiL_,training
hcp_318637_hemiR_,training
hcp_320826_hemiL_,inference
hcp_320826_hemiR_,inference
hcp_321323_hemiL_,inference
hcp_321323_hemiR_,inference
hcp_322224_hemiL_,training
hcp_322224_hemiR_,training
hcp_325129_hemiL_,training
hcp_325129_hemiR_,training
hcp_329440_hemiL_,validation
hcp_329440_hemiR_,validation
hcp_329844_hemiL_,training
hcp_329844_hemiR_,training
hcp_330324_hemiL_,training
hcp_330324_hemiR_,training
hcp_333330_hemiL_,training
hcp_333330_hemiR_,training
hcp_334635_hemiL_,inference
hcp_334635_hemiR_,inference
hcp_336841_hemiL_,validation
hcp_336841_hemiR_,validation
hcp_339847_hemiL_,inference
hcp_339847_hemiR_,inference
hcp_341834_hemiL_,training
hcp_341834_hemiR_,training
hcp_346137_hemiL_,training
hcp_346137_hemiR_,training
hcp_346945_hemiL_,validation
hcp_346945_hemiR_,validation
hcp_348545_hemiL_,training
hcp_348545_hemiR_,training
hcp_350330_hemiL_,inference
hcp_350330_hemiR_,inference
hcp_351938_hemiL_,inference
hcp_351938_hemiR_,inference
hcp_352132_hemiL_,training
hcp_352132_hemiR_,training
hcp_352738_hemiL_,training
hcp_352738_hemiR_,training
hcp_353740_hemiL_,inference
hcp_353740_hemiR_,inference
hcp_355239_hemiL_,training
hcp_355239_hemiR_,training
hcp_355542_hemiL_,training
hcp_355542_hemiR_,training
hcp_355845_hemiL_,validation
hcp_355845_hemiR_,validation
hcp_356948_hemiL_,training
hcp_356948_hemiR_,training
hcp_358144_hemiL_,training
hcp_358144_hemiR_,training
hcp_360030_hemiL_,training
hcp_360030_hemiR_,training
hcp_361234_hemiL_,inference
hcp_361941_hemiL_,training
hcp_361941_hemiR_,training
hcp_362034_hemiL_,training
hcp_362034_hemiR_,training
hcp_365343_hemiL_,training
hcp_365343_hemiR_,training
hcp_366042_hemiL_,training
hcp_366042_hemiR_,training
hcp_368551_hemiL_,training
hcp_368551_hemiR_,training
hcp_368753_hemiL_,validation
hcp_368753_hemiR_,validation
hcp_371843_hemiL_,training
hcp_371843_hemiR_,training
hcp_376247_hemiL_,training
hcp_376247_hemiR_,training
hcp_377451_hemiL_,training
hcp_377451_hemiR_,training
hcp_378756_hemiL_,validation
hcp_378756_hemiR_,validation
hcp_378857_hemiL_,training
hcp_378857_hemiR_,training
hcp_379657_hemiL_,training
hcp_379657_hemiR_,training
hcp_380036_hemiL_,training
hcp_380036_hemiR_,training
hcp_381038_hemiL_,inference
hcp_381038_hemiR_,inference
hcp_381543_hemiL_,validation
hcp_381543_hemiR_,validation
hcp_382242_hemiL_,training
hcp_382242_hemiR_,training
hcp_385450_hemiL_,inference
hcp_385450_hemiR_,inference
hcp_386250_hemiL_,training
hcp_386250_hemiR_,training
hcp_387959_hemiL_,training
hcp_387959_hemiR_,training
hcp_389357_hemiL_,training
hcp_389357_hemiR_,training
hcp_390645_hemiL_,inference
hcp_390645_hemiR_,inference
hcp_391748_hemiL_,training
hcp_391748_hemiR_,training
hcp_392750_hemiL_,training
hcp_392750_hemiR_,training
hcp_393247_hemiL_,training
hcp_393247_hemiR_,training
hcp_394956_hemiL_,training
hcp_394956_hemiR_,training
hcp_395251_hemiL_,validation
hcp_395251_hemiR_,validation
hcp_395756_hemiL_,training
hcp_395756_hemiR_,training
hcp_395958_hemiL_,training
hcp_395958_hemiR_,training
hcp_397154_hemiL_,validation
hcp_397154_hemiR_,validation
hcp_397760_hemiL_,training
hcp_397760_hemiR_,training
hcp_397861_hemiL_,training
hcp_397861_hemiR_,training
hcp_401422_hemiL_,training
hcp_401422_hemiR_,training
hcp_406432_hemiL_,training
hcp_406432_hemiR_,training
hcp_406836_hemiL_,training
hcp_406836_hemiR_,training
hcp_412528_hemiL_,validation
hcp_412528_hemiR_,validation
hcp_413934_hemiL_,training
hcp_413934_hemiR_,training
hcp_414229_hemiL_,validation
hcp_414229_hemiR_,validation
hcp_415837_hemiL_,training
hcp_415837_hemiR_,training
hcp_419239_hemiL_,training
hcp_419239_hemiR_,training
hcp_422632_hemiL_,training
hcp_422632_hemiR_,training
hcp_424939_hemiL_,training
hcp_424939_hemiR_,training
hcp_429040_hemiL_,training
hcp_429040_hemiR_,training
hcp_432332_hemiL_,validation
hcp_432332_hemiR_,validation
hcp_433839_hemiL_,training
hcp_433839_hemiR_,training
hcp_436239_hemiL_,training
hcp_436239_hemiR_,training
hcp_436845_hemiL_,training
hcp_436845_hemiR_,training
hcp_441939_hemiL_,training
hcp_441939_hemiR_,training
hcp_445543_hemiL_,training
hcp_445543_hemiR_,training
hcp_448347_hemiL_,training
hcp_448347_hemiR_,training
hcp_449753_hemiL_,training
hcp_449753_hemiR_,training
hcp_453441_hemiL_,training
hcp_453441_hemiR_,training
hcp_453542_hemiL_,inference
hcp_453542_hemiR_,inference
hcp_454140_hemiL_,training
hcp_454140_hemiR_,training
hcp_456346_hemiL_,inference
hcp_456346_hemiR_,inference
hcp_459453_hemiL_,training
hcp_459453_hemiR_,training
hcp_461743_hemiL_,inference
hcp_461743_hemiR_,inference
hcp_462139_hemiL_,training
hcp_462139_hemiR_,training
hcp_463040_hemiL_,training
hcp_463040_hemiR_,training
hcp_465852_hemiL_,validation
hcp_465852_hemiR_,validation
hcp_467351_hemiL_,training
hcp_467351_hemiR_,training
hcp_468050_hemiL_,training
hcp_468050_hemiR_,training
hcp_473952_hemiL_,training
hcp_473952_hemiR_,training
hcp_475855_hemiL_,validation
hcp_475855_hemiR_,validation
hcp_479762_hemiL_,validation
hcp_479762_hemiR_,validation
hcp_480141_hemiL_,training
hcp_480141_hemiR_,training
hcp_481042_hemiL_,inference
hcp_481042_hemiR_,inference
hcp_481951_hemiL_,training
hcp_481951_hemiR_,training
hcp_485757_hemiL_,training
hcp_485757_hemiR_,training
hcp_486759_hemiL_,training
hcp_486759_hemiR_,training
hcp_492754_hemiL_,training
hcp_492754_hemiR_,training
hcp_495255_hemiL_,training
hcp_495255_hemiR_,training
hcp_497865_hemiL_,validation
hcp_497865_hemiR_,validation
hcp_499566_hemiL_,training
hcp_499566_hemiR_,training
hcp_500222_hemiL_,training
hcp_500222_hemiR_,training
hcp_506234_hemiL_,training
hcp_506234_hemiR_,training
hcp_510225_hemiL_,inference
hcp_510225_hemiR_,inference
hcp_510326_hemiL_,training
hcp_510326_hemiR_,training
hcp_512835_hemiL_,validation
hcp_512835_hemiR_,validation
hcp_513130_hemiL_,training
hcp_513130_hemiR_,training
hcp_513736_hemiL_,training
hcp_513736_hemiR_,training
hcp_516742_hemiL_,training
hcp_516742_hemiR_,training
hcp_517239_hemiL_,training
hcp_517239_hemiR_,training
hcp_518746_hemiL_,training
hcp_518746_hemiR_,training
hcp_519950_hemiL_,training
hcp_519950_hemiR_,training
hcp_520228_hemiL_,validation
hcp_520228_hemiR_,validation
hcp_521331_hemiL_,training
hcp_521331_hemiR_,training
hcp_522434_hemiL_,inference
hcp_522434_hemiR_,inference
hcp_524135_hemiL_,training
hcp_524135_hemiR_,training
hcp_525541_hemiL_,training
hcp_525541_hemiR_,training
hcp_529549_hemiL_,training
hcp_529549_hemiR_,training
hcp_529953_hemiL_,inference
hcp_529953_hemiR_,inference
hcp_530635_hemiL_,training
hcp_530635_hemiR_,training
hcp_531536_hemiL_,training
hcp_531536_hemiR_,training
hcp_531940_hemiL_,training
hcp_531940_hemiR_,training
hcp_536647_hemiL_,training
hcp_536647_hemiR_,training
hcp_540436_hemiL_,inference
hcp_540436_hemiR_,inference
hcp_541640_hemiL_,training
hcp_541640_hemiR_,training
hcp_541943_hemiL_,validation
hcp_541943_hemiR_,validation
hcp_545345_hemiL_,training
hcp_545345_hemiR_,training
hcp_547046_hemiL_,training
hcp_547046_hemiR_,training
hcp_548250_hemiL_,training
hcp_548250_hemiR_,training
hcp_549757_hemiL_,training
hcp_549757_hemiR_,training
hcp_550439_hemiL_,training
hcp_550439_hemiR_,training
hcp_552241_hemiL_,validation
hcp_552241_hemiR_,validation
hcp_552544_hemiL_,training
hcp_552544_hemiR_,training
hcp_553344_hemiL_,training
hcp_553344_hemiR_,training
hcp_555348_hemiL_,inference
hcp_555348_hemiR_,inference
hcp_555651_hemiL_,training
hcp_555651_hemiR_,training
hcp_555954_hemiL_,training
hcp_555954_hemiR_,training
hcp_557857_hemiL_,training
hcp_557857_hemiR_,training
hcp_558657_hemiL_,training
hcp_558657_hemiR_,training
hcp_558960_hemiL_,training
hcp_558960_hemiR_,training
hcp_559053_hemiL_,training
hcp_559053_hemiR_,training
hcp_559457_hemiL_,training
hcp_559457_hemiR_,training
hcp_561444_hemiL_,training
hcp_561444_hemiR_,training
hcp_561949_hemiL_,inference
hcp_561949_hemiR_,inference
hcp_562345_hemiL_,training
hcp_562345_hemiR_,training
hcp_562446_hemiL_,training
hcp_562446_hemiR_,training
hcp_565452_hemiL_,inference
hcp_565452_hemiR_,inference
hcp_566454_hemiL_,inference
hcp_566454_hemiR_,inference
hcp_567052_hemiL_,training
hcp_567052_hemiR_,training
hcp_567759_hemiL_,training
hcp_567759_hemiR_,training
hcp_567961_hemiL_,inference
hcp_567961_hemiR_,inference
hcp_568963_hemiL_,inference
hcp_568963_hemiR_,inference
hcp_569965_hemiL_,inference
hcp_569965_hemiR_,inference
hcp_570243_hemiL_,training
hcp_570243_hemiR_,training
hcp_571548_hemiL_,training
hcp_571548_hemiR_,training
hcp_572045_hemiL_,training
hcp_572045_hemiR_,training
hcp_573249_hemiL_,training
hcp_573249_hemiR_,training
hcp_573451_hemiL_,inference
hcp_573451_hemiR_,inference
hcp_576255_hemiL_,training
hcp_576255_hemiR_,training
hcp_578057_hemiL_,validation
hcp_578057_hemiR_,validation
hcp_578158_hemiL_,validation
hcp_578158_hemiR_,validation
hcp_579665_hemiL_,training
hcp_579665_hemiR_,training
hcp_579867_hemiL_,training
hcp_579867_hemiR_,training
hcp_580044_hemiL_,training
hcp_580044_hemiR_,training
hcp_580347_hemiL_,training
hcp_580347_hemiR_,training
hcp_580650_hemiL_,training
hcp_580650_hemiR_,training
hcp_580751_hemiL_,training
hcp_580751_hemiR_,training
hcp_581450_hemiL_,validation
hcp_581450_hemiR_,validation
hcp_583858_hemiL_,validation
hcp_583858_hemiR_,validation
hcp_584355_hemiL_,training
hcp_584355_hemiR_,training
hcp_585256_hemiL_,inference
hcp_585256_hemiR_,inference
hcp_585862_hemiL_,training
hcp_585862_hemiR_,training
hcp_586460_hemiL_,training
hcp_586460_hemiR_,training
hcp_587664_hemiL_,validation
hcp_587664_hemiR_,validation
hcp_588565_hemiL_,training
hcp_588565_hemiR_,training
hcp_589567_hemiL_,inference
hcp_589567_hemiR_,inference
hcp_590047_hemiL_,training
hcp_590047_hemiR_,training
hcp_592455_hemiL_,training
hcp_592455_hemiR_,training
hcp_594156_hemiL_,training
hcp_594156_hemiR_,training
hcp_598568_hemiL_,training
hcp_598568_hemiR_,training
hcp_599065_hemiL_,training
hcp_599065_hemiR_,training
hcp_599671_hemiL_,training
hcp_599671_hemiR_,training
hcp_601127_hemiL_,inference
hcp_601127_hemiR_,inference
hcp_604537_hemiL_,training
hcp_604537_hemiR_,training
hcp_609143_hemiL_,inference
hcp_609143_hemiR_,inference
hcp_611231_hemiL_,training
hcp_611231_hemiR_,training
hcp_613235_hemiL_,inference
hcp_613235_hemiR_,inference
hcp_613538_hemiL_,training
hcp_613538_hemiR_,training
hcp_614439_hemiL_,training
hcp_614439_hemiR_,training
hcp_615441_hemiL_,training
hcp_615441_hemiR_,training
hcp_615744_hemiL_,training
hcp_615744_hemiR_,training
hcp_616645_hemiL_,validation
hcp_616645_hemiR_,validation
hcp_617748_hemiL_,validation
hcp_617748_hemiR_,validation
hcp_620434_hemiL_,training
hcp_620434_hemiR_,training
hcp_622236_hemiL_,training
hcp_622236_hemiR_,training
hcp_623137_hemiL_,training
hcp_623137_hemiR_,training
hcp_623844_hemiL_,training
hcp_623844_hemiR_,training
hcp_626648_hemiL_,inference
hcp_626648_hemiR_,inference
hcp_627549_hemiL_,training
hcp_627549_hemiR_,training
hcp_627852_hemiL_,training
hcp_627852_hemiR_,training
hcp_628248_hemiL_,training
hcp_628248_hemiR_,training
hcp_634748_hemiL_,validation
hcp_634748_hemiR_,validation
hcp_635245_hemiL_,inference
hcp_635245_hemiR_,inference
hcp_638049_hemiL_,training
hcp_638049_hemiR_,training
hcp_644246_hemiL_,training
hcp_644246_hemiR_,training
hcp_645450_hemiL_,inference
hcp_645450_hemiR_,inference
hcp_645551_hemiL_,training
hcp_645551_hemiR_,training
hcp_647858_hemiL_,training
hcp_647858_hemiR_,training
hcp_650746_hemiL_,training
hcp_650746_hemiR_,training
hcp_654350_hemiL_,validation
hcp_654350_hemiR_,validation
hcp_654552_hemiL_,training
hcp_654552_hemiR_,training
hcp_654754_hemiL_,training
hcp_654754_hemiR_,training
hcp_656253_hemiL_,training
hcp_656253_hemiR_,training
hcp_656657_hemiL_,validation
hcp_656657_hemiR_,validation
hcp_657659_hemiL_,training
hcp_657659_hemiR_,training
hcp_660951_hemiL_,validation
hcp_660951_hemiR_,validation
hcp_662551_hemiL_,validation
hcp_662551_hemiR_,validation
hcp_664757_hemiL_,inference
hcp_664757_hemiR_,inference
hcp_665254_hemiL_,training
hcp_665254_hemiR_,training
hcp_667056_hemiL_,training
hcp_667056_hemiR_,training
hcp_671855_hemiL_,validation
hcp_671855_hemiR_,validation
hcp_672756_hemiL_,validation
hcp_672756_hemiR_,validation
hcp_673455_hemiL_,validation
hcp_673455_hemiR_,validation
hcp_675661_hemiL_,training
hcp_675661_hemiR_,training
hcp_677766_hemiL_,training
hcp_677766_hemiR_,training
hcp_677968_hemiL_,training
hcp_677968_hemiR_,training
hcp_679568_hemiL_,training
hcp_679568_hemiR_,training
hcp_679770_hemiL_,training
hcp_679770_hemiR_,training
hcp_680250_hemiL_,training
hcp_680250_hemiR_,training
hcp_680452_hemiL_,validation
hcp_680452_hemiR_,validation
hcp_680957_hemiL_,training
hcp_680957_hemiR_,training
hcp_683256_hemiL_,validation
hcp_683256_hemiR_,validation
hcp_685058_hemiL_,training
hcp_685058_hemiR_,training
hcp_686969_hemiL_,inference
hcp_686969_hemiR_,inference
hcp_687163_hemiL_,training
hcp_687163_hemiR_,training
hcp_688569_hemiL_,training
hcp_688569_hemiR_,training
hcp_689470_hemiL_,training
hcp_689470_hemiR_,training
hcp_690152_hemiL_,validation
hcp_690152_hemiR_,validation
hcp_693461_hemiL_,training
hcp_693461_hemiR_,training
hcp_693764_hemiL_,training
hcp_693764_hemiR_,training
hcp_694362_hemiL_,validation
hcp_694362_hemiR_,validation
hcp_695768_hemiL_,training
hcp_695768_hemiR_,training
hcp_698168_hemiL_,training
hcp_698168_hemiR_,training
hcp_700634_hemiL_,training
hcp_700634_hemiR_,training
hcp_701535_hemiL_,training
hcp_701535_hemiR_,training
hcp_704238_hemiL_,training
hcp_704238_hemiR_,training
hcp_705341_hemiL_,training
hcp_705341_hemiR_,training
hcp_706040_hemiL_,inference
hcp_706040_hemiR_,inference
hcp_707749_hemiL_,training
hcp_707749_hemiR_,training
hcp_709551_hemiL_,inference
hcp_709551_hemiR_,inference
hcp_713239_hemiL_,training
hcp_713239_hemiR_,training
hcp_715041_hemiL_,training
hcp_715041_hemiR_,training
hcp_715647_hemiL_,training
hcp_715647_hemiR_,training
hcp_715950_hemiL_,inference
hcp_715950_hemiR_,inference
hcp_720337_hemiL_,training
hcp_720337_hemiR_,training
hcp_723141_hemiL_,validation
hcp_723141_hemiR_,validation
hcp_724446_hemiL_,validation
hcp_724446_hemiR_,validation
hcp_725751_hemiL_,training
hcp_725751_hemiR_,training
hcp_727553_hemiL_,training
hcp_727553_hemiR_,training
hcp_727654_hemiL_,validation
hcp_727654_hemiR_,validation
hcp_728454_hemiL_,validation
hcp_728454_hemiR_,validation
hcp_729254_hemiL_,training
hcp_729254_hemiR_,training
hcp_729557_hemiL_,training
hcp_729557_hemiR_,training
hcp_731140_hemiL_,validation
hcp_731140_hemiR_,validation
hcp_732243_hemiL_,training
hcp_732243_hemiR_,training
hcp_733548_hemiL_,training
hcp_733548_hemiR_,training
hcp_734045_hemiL_,validation
hcp_734045_hemiR_,validation
hcp_734247_hemiL_,inference
hcp_734247_hemiR_,inference
hcp_737960_hemiL_,training
hcp_737960_hemiR_,training
hcp_742549_hemiL_,training
hcp_742549_hemiR_,training
hcp_744553_hemiL_,inference
hcp_744553_hemiR_,inference
hcp_748258_hemiL_,inference
hcp_748258_hemiR_,inference
hcp_748662_hemiL_,training
hcp_748662_hemiR_,training
hcp_749058_hemiL_,training
hcp_749058_hemiR_,training
hcp_749361_hemiL_,training
hcp_749361_hemiR_,training
hcp_751348_hemiL_,inference
hcp_751348_hemiR_,inference
hcp_751550_hemiL_,training
hcp_751550_hemiR_,training
hcp_756055_hemiL_,training
hcp_756055_hemiR_,training
hcp_757764_hemiL_,training
hcp_757764_hemiR_,training
hcp_759869_hemiL_,inference
hcp_759869_hemiR_,inference
hcp_760551_hemiL_,training
hcp_760551_hemiR_,training
hcp_761957_hemiL_,validation
hcp_761957_hemiR_,validation
hcp_763557_hemiL_,training
hcp_763557_hemiR_,training
hcp_765056_hemiL_,training
hcp_765056_hemiR_,training
hcp_765864_hemiL_,validation
hcp_765864_hemiR_,validation
hcp_766563_hemiL_,training
hcp_766563_hemiR_,training
hcp_767464_hemiL_,training
hcp_767464_hemiR_,training
hcp_769064_hemiL_,training
hcp_769064_hemiR_,training
hcp_770352_hemiL_,training
hcp_770352_hemiR_,training
hcp_771354_hemiL_,inference
hcp_771354_hemiR_,inference
hcp_773257_hemiL_,training
hcp_773257_hemiR_,training
hcp_774663_hemiL_,training
hcp_774663_hemiR_,training
hcp_779370_hemiL_,validation
hcp_779370_hemiR_,validation
hcp_782157_hemiL_,inference
hcp_782157_hemiR_,inference
hcp_782561_hemiL_,training
hcp_782561_hemiR_,training
hcp_783462_hemiL_,training
hcp_783462_hemiR_,training
hcp_784565_hemiL_,training
hcp_784565_hemiR_,training
hcp_786569_hemiL_,training
hcp_786569_hemiR_,training
hcp_788674_hemiL_,validation
hcp_788674_hemiR_,validation
hcp_788876_hemiL_,validation
hcp_788876_hemiR_,validation
hcp_789373_hemiL_,inference
hcp_789373_hemiR_,inference
hcp_792564_hemiL_,training
hcp_792564_hemiR_,training
hcp_792766_hemiL_,training
hcp_792766_hemiR_,training
hcp_792867_hemiL_,training
hcp_792867_hemiR_,training
hcp_793465_hemiL_,inference
hcp_793465_hemiR_,inference
hcp_800941_hemiL_,training
hcp_800941_hemiR_,training
hcp_802844_hemiL_,training
hcp_802844_hemiR_,training
hcp_803240_hemiL_,training
hcp_803240_hemiR_,training
hcp_804646_hemiL_,validation
hcp_804646_hemiR_,validation
hcp_809252_hemiL_,training
hcp_809252_hemiR_,training
hcp_810843_hemiL_,training
hcp_810843_hemiR_,training
hcp_812746_hemiL_,training
hcp_812746_hemiR_,training
hcp_814548_hemiL_,validation
hcp_814548_hemiR_,validation
hcp_814649_hemiL_,training
hcp_814649_hemiR_,training
hcp_815247_hemiL_,validation
hcp_815247_hemiR_,validation
hcp_816653_hemiL_,training
hcp_816653_hemiR_,training
hcp_818455_hemiL_,training
hcp_818455_hemiR_,training
hcp_818859_hemiL_,validation
hcp_818859_hemiR_,validation
hcp_820745_hemiL_,inference
hcp_820745_hemiR_,inference
hcp_822244_hemiL_,training
hcp_822244_hemiR_,training
hcp_825048_hemiL_,training
hcp_825048_hemiR_,training
hcp_825553_hemiL_,training
hcp_825553_hemiR_,training
hcp_825654_hemiL_,training
hcp_825654_hemiR_,training
hcp_826353_hemiL_,training
hcp_826353_hemiR_,training
hcp_826454_hemiR_,training
hcp_827052_hemiL_,validation
hcp_827052_hemiR_,validation
hcp_828862_hemiL_,training
hcp_828862_hemiR_,training
hcp_832651_hemiL_,training
hcp_832651_hemiR_,training
hcp_833148_hemiL_,training
hcp_833148_hemiR_,training
hcp_833249_hemiL_,training
hcp_833249_hemiR_,training
hcp_835657_hemiL_,training
hcp_835657_hemiR_,training
hcp_837560_hemiL_,training
hcp_837560_hemiR_,training
hcp_837964_hemiL_,validation
hcp_837964_hemiR_,validation
hcp_841349_hemiL_,inference
hcp_841349_hemiR_,inference
hcp_843151_hemiL_,training
hcp_843151_hemiR_,training
hcp_844961_hemiL_,inference
hcp_844961_hemiR_,inference
hcp_845458_hemiL_,training
hcp_845458_hemiR_,training
hcp_849264_hemiL_,training
hcp_849264_hemiR_,training
hcp_849971_hemiL_,validation
hcp_849971_hemiR_,validation
hcp_852455_hemiL_,training
hcp_852455_hemiR_,training
hcp_856463_hemiL_,training
hcp_856463_hemiR_,training
hcp_856766_hemiL_,training
hcp_856766_hemiR_,training
hcp_856968_hemiL_,training
hcp_856968_hemiR_,training
hcp_857263_hemiL_,training
hcp_857263_hemiR_,training
hcp_859671_hemiL_,training
hcp_859671_hemiR_,training
hcp_861456_hemiL_,training
hcp_861456_hemiR_,training
hcp_865363_hemiL_,training
hcp_865363_hemiR_,training
hcp_867468_hemiL_,training
hcp_867468_hemiR_,training
hcp_869472_hemiL_,training
hcp_869472_hemiR_,training
hcp_870861_hemiL_,training
hcp_870861_hemiR_,training
hcp_871762_hemiL_,training
hcp_871762_hemiR_,training
hcp_871964_hemiL_,training
hcp_871964_hemiR_,training
hcp_872158_hemiL_,training
hcp_872158_hemiR_,training
hcp_872562_hemiL_,training
hcp_872562_hemiR_,training
hcp_872764_hemiL_,training
hcp_872764_hemiR_,training
hcp_873968_hemiL_,training
hcp_873968_hemiR_,training
hcp_877168_hemiL_,training
hcp_877168_hemiR_,training
hcp_877269_hemiL_,training
hcp_877269_hemiR_,training
hcp_878776_hemiL_,validation
hcp_878776_hemiR_,validation
hcp_878877_hemiL_,training
hcp_878877_hemiR_,training
hcp_880157_hemiL_,inference
hcp_880157_hemiR_,inference
hcp_882161_hemiL_,training
hcp_882161_hemiR_,training
hcp_884064_hemiL_,training
hcp_884064_hemiR_,training
hcp_885975_hemiL_,training
hcp_885975_hemiR_,training
hcp_886674_hemiL_,training
hcp_886674_hemiR_,training
hcp_887373_hemiL_,training
hcp_887373_hemiR_,training
hcp_888678_hemiL_,training
hcp_888678_hemiR_,training
hcp_889579_hemiL_,training
hcp_889579_hemiR_,training
hcp_891667_hemiL_,inference
hcp_891667_hemiR_,inference
hcp_894067_hemiL_,training
hcp_894067_hemiR_,training
hcp_894673_hemiL_,training
hcp_894673_hemiR_,training
hcp_894774_hemiL_,training
hcp_894774_hemiR_,training
hcp_896778_hemiL_,training
hcp_896778_hemiR_,training
hcp_896879_hemiL_,training
hcp_896879_hemiR_,training
hcp_898176_hemiL_,validation
hcp_898176_hemiR_,validation
hcp_899885_hemiL_,training
hcp_899885_hemiR_,training
hcp_901139_hemiL_,training
hcp_901139_hemiR_,training
hcp_901442_hemiL_,validation
hcp_901442_hemiR_,validation
hcp_902242_hemiL_,validation
hcp_902242_hemiR_,validation
hcp_904044_hemiL_,training
hcp_904044_hemiR_,training
hcp_905147_hemiL_,training
hcp_905147_hemiR_,training
hcp_907656_hemiL_,training
hcp_907656_hemiR_,training
hcp_910241_hemiL_,validation
hcp_910241_hemiR_,validation
hcp_910443_hemiL_,training
hcp_910443_hemiR_,training
hcp_911849_hemiL_,training
hcp_911849_hemiR_,training
hcp_912447_hemiL_,training
hcp_912447_hemiR_,training
hcp_917255_hemiL_,inference
hcp_917255_hemiR_,inference
hcp_917558_hemiL_,training
hcp_917558_hemiR_,training
hcp_919966_hemiL_,training
hcp_919966_hemiR_,training
hcp_922854_hemiL_,training
hcp_922854_hemiR_,training
hcp_923755_hemiL_,inference
hcp_923755_hemiR_,inference
hcp_926862_hemiL_,training
hcp_926862_hemiR_,training
hcp_927359_hemiL_,validation
hcp_927359_hemiR_,validation
hcp_929464_hemiL_,validation
hcp_929464_hemiR_,validation
hcp_930449_hemiL_,training
hcp_930449_hemiR_,training
hcp_932554_hemiL_,training
hcp_932554_hemiR_,training
hcp_933253_hemiL_,inference
hcp_933253_hemiR_,inference
hcp_937160_hemiL_,training
hcp_937160_hemiR_,training
hcp_942658_hemiL_,training
hcp_942658_hemiR_,training
hcp_943862_hemiL_,validation
hcp_943862_hemiR_,validation
hcp_947668_hemiL_,training
hcp_947668_hemiR_,training
hcp_951457_hemiL_,training
hcp_951457_hemiR_,training
hcp_952863_hemiL_,training
hcp_952863_hemiR_,training
hcp_953764_hemiL_,validation
hcp_953764_hemiR_,validation
hcp_955465_hemiL_,training
hcp_955465_hemiR_,training
hcp_957974_hemiL_,inference
hcp_957974_hemiR_,inference
hcp_958976_hemiL_,training
hcp_958976_hemiR_,training
hcp_959574_hemiL_,validation
hcp_959574_hemiR_,validation
hcp_962058_hemiL_,validation
hcp_962058_hemiR_,validation
hcp_965367_hemiL_,training
hcp_965367_hemiR_,training
hcp_966975_hemiL_,inference
hcp_966975_hemiR_,inference
hcp_969476_hemiL_,training
hcp_969476_hemiR_,training
hcp_970764_hemiL_,training
hcp_970764_hemiR_,training
hcp_971160_hemiL_,training
hcp_971160_hemiR_,training
hcp_972566_hemiL_,training
hcp_972566_hemiR_,training
hcp_973770_hemiL_,training
hcp_973770_hemiR_,training
hcp_978578_hemiL_,training
hcp_978578_hemiR_,training
hcp_979984_hemiL_,validation
hcp_979984_hemiR_,validation
hcp_983773_hemiL_,training
hcp_983773_hemiR_,training
hcp_984472_hemiL_,validation
hcp_984472_hemiR_,validation
hcp_987074_hemiL_,training
hcp_987074_hemiR_,training
hcp_987983_hemiL_,training
hcp_987983_hemiR_,training
hcp_989987_hemiL_,training
hcp_989987_hemiR_,training
hcp_990366_hemiL_,training
hcp_990366_hemiR_,training
hcp_991267_hemiL_,training
hcp_991267_hemiR_,training
hcp_992673_hemiL_,training
hcp_992673_hemiR_,training
hcp_992774_hemiL_,training
hcp_992774_hemiR_,training
hcp_993675_hemiL_,training
hcp_993675_hemiR_,training
hcp_995174_hemiL_,training
hcp_995174_hemiR_,training
hcp_996782_hemiL_,training
hcp_996782_hemiR_,training
kayla_sub0024_hemiL_,validation
kayla_sub0024_hemiR_,validation
kayla_subAN2_hemiL_,validation
kayla_subAN2_hemiR_,validation
kayla_subAS23_hemiL_,validation
kayla_subAS23_hemiR_,validation
kayla_subAW13_hemiL_,validation
kayla_subAW13_hemiR_,validation
kayla_subBO23_hemiL_,training
kayla_subBO23_hemiR_,training
kayla_subBR00_hemiL_,inference
kayla_subBR00_hemiR_,inference
kayla_subCA01_hemiL_,training
kayla_subCA01_hemiR_,training
kayla_subCH03_hemiL_,training
kayla_subCH03_hemiR_,training
kayla_subCM07_hemiL_,training
kayla_subCM07_hemiR_,training
kayla_subDA14_hemiL_,training
kayla_subDA14_hemiR_,training
kayla_subDS15_hemiL_,training
kayla_subDS15_hemiR_,training
kayla_subDZ02_hemiL_,training
kayla_subFA00_hemiL_,training
kayla_subFA00_hemiR_,training
kayla_subFZ16_hemiL_,validation
kayla_subFZ16_hemiR_,validation
kayla_subGQ10_hemiL_,training
kayla_subGQ10_hemiR_,training
kayla_subHA27_hemiL_,inference
kayla_subHA27_hemiR_,inference
kayla_subIB19_hemiL_,training
kayla_subIB19_hemiR_,training
kayla_subIB25_hemiL_,training
kayla_subIB25_hemiR_,training
kayla_subII02_hemiL_,training
kayla_subKV23_hemiL_,training
kayla_subKV23_hemiR_,training
kayla_subLL18_hemiR_,inference
kayla_subLM18_hemiL_,training
kayla_subLM18_hemiR_,training
kayla_subLR18_hemiL_,validation
kayla_subLR18_hemiR_,validation
kayla_subLS16_hemiL_,training
kayla_subLS16_hemiR_,training
kayla_subMO11_hemiL_,training
kayla_subMO11_hemiR_,training
kayla_subMP04_hemiL_,training
kayla_subMP04_hemiR_,training
kayla_subMS12_hemiL_,training
kayla_subNC20_hemiL_,training
kayla_subNC20_hemiR_,training
kayla_subOI5_hemiL_,training
kayla_subOI5_hemiR_,training
kayla_subQJ15_hemiL_,inference
kayla_subQJ15_hemiR_,inference
kayla_subRB6_hemiL_,training
kayla_subRB6_hemiR_,training
kayla_subRV29_hemiL_,inference
kayla_subRV29_hemiR_,inference
kayla_subSR11_hemiR_,training
kayla_subVL02_hemiL_,training
kayla_subVL02_hemiR_,training
kayla_subXQ10_hemiL_,training
kayla_subXQ10_hemiR_,training
mahdieh_sub002_hemiR_,training
mahdieh_sub003_hemiR_,training
mahdieh_sub005_hemiR_,validation
mahdieh_sub006_hemiR_,training
mahdieh_sub007_hemiR_,training
mahdieh_sub009_hemiR_,validation
mahdieh_sub010_hemiR_,validation
mahdieh_sub011_hemiR_,training
mahdieh_sub012_hemiR_,inference
mahdieh_sub013_hemiR_,training
mahdieh_sub101_hemiR_,training
mahdieh_sub102_hemiR_,training
mahdieh_sub103_hemiR_,training
mahdieh_sub104_hemiR_,inference
mahdieh_sub105_hemiR_,training