hcp_100206_hemiL_,/scratch/jdekrake/training_data_b1000/hcp_100206_hemi-L_img.nii.gz
hcp_100206_hemiR_,/scratch/jdekrake/training_data_b1000/hcp_100206_hemi-R_img.nii.gz
hcp_100307_hemiL_,/scratch/jdekrake/training_data_b1000/hcp_100307_hemi-L_img.nii.gz
hcp_100307_hemiR_,/scratch/jdekrake/training_data_b1000/hcp_100307_hemi-R_img.nii.gz
hcp_100408_hemiL_,/scratch/jdekrake/training_data_b1000/hcp_100408_hemi-L_img.nii.gz
hcp_100408_hemiR_,/scratch/jdekrake/training_data_b1000/hcp_100408_hemi-R_img.nii.gz
hcp_100610_hemiL_,/scratch/jdekrake/training_data_b1000/hcp_100610_hemi-L_img.nii.gz
hcp_100610_hemiR_,/scratch/jdekrake/training_data_b1000/hcp_100610_hemi-R_img.nii.gz
hcp_101006_hemiL_,/scratch/jdekrake/training_data_b1000/hcp_101006_hemi-L_img.nii.gz
hcp_101006_hemiR_,/scratch/jdekrake/training_data_b1000/hcp_101006_hemi-R_img.nii.gz
hcp_101309_hemiL_,/scratch/jdekrake/training_data_b1000/hcp_101309_hemi-L_img.nii.gz
hcp_101309_hemiR_,/scratch/jdekrake/training_data_b1000/hcp_101309_hemi-R_img.nii.gz
hcp_102008_hemiL_,/scratch/jdekrake/training_data_b1000/hcp_102008_hemi-L_img.nii.gz
hcp_102008_hemiR_,/scratch/jdekrake/training_data_b1000/hcp_102008_hemi-R_img.nii.gz
hcp_102614_hemiL_,/scratch/jdekrake/training_data_b1000/hcp_102614_hemi-L_img.nii.gz
hcp_102614_hemiR_,/scratch/jdekrake/training_data_b1000/hcp_102614_hemi-R_img.nii.gz
hcp_102816_hemiL_,/scratch/jdekrake/training_data_b1000/hcp_102816_hemi-L_img.nii.gz
hcp_102816_hemiR_,/scratch/jdekrake/training_data_b1000/hcp_102816_hemi-R_img.nii.gz
hcp_103818_hemiL_,/scratch/jdekrake/training_data_b1000/hcp_103818_hemi-L_img.nii.gz
hcp_103818_hemiR_,/scratch/jdekrake/training_data_b1000/hcp_103818_hemi-R_img.nii.gz
hcp_104012_hemiL_,/scratch/jdekrake/training_data_b1000/hcp_104012_hemi-L_img.nii.gz
hcp_104012_hemiR_,/scratch/jdekrake/training_data_b1000/hcp_104012_hemi-R_img.nii.gz
hcp_104416_hemiL_,/scratch/jdekrake/training_data_b1000/hcp_104416_hemi-L_img.nii.gz
hcp_104416_hemiR_,/scratch/jdekrake/training_data_b1000/hcp_104416_hemi-R_img.nii.gz
hcp_105115_hemiL_,/scratch/jdekrake/training_data_b1000/hcp_105115_hemi-L_img.nii.gz
hcp_105115_hemiR_,/scratch/jdekrake/training_data_b1000/hcp_105115_hemi-R_img.nii.gz
hcp_105620_hemiL_,/scratch/jdekrake/training_data_b1000/hcp_105620_hemi-L_img.nii.gz
hcp_105620_hemiR_,/scratch/jdekrake/training_data_b1000/hcp_105620_hemi-R_img.nii.gz
hcp_105923_hemiL_,/scratch/jdekrake/training_data_b1000/hcp_105923_hemi-L_img.nii.gz
hcp_105923_hemiR_,/scratch/jdekrake/training_data_b1000/hcp_105923_hemi-R_img.nii.gz
hcp_107321_hemiL_,/scratch/jdekrake/training_data_b1000/hcp_107321_hemi-L_img.nii.gz
hcp_107321_hemiR_,/scratch/jdekrake/training_data_b1000/hcp_107321_hemi-R_img.nii.gz
hcp_108020_hemiL_,/scratch/jdekrake/training_data_b1000/hcp_108020_hemi-L_img.nii.gz
hcp_108020_hemiR_,/scratch/jdekrake/training_data_b1000/hcp_108020_hemi-R_img.nii.gz
hcp_108121_hemiL_,/scratch/jdekrake/training_data_b1000/hcp_108121_hemi-L_img.nii.gz
hcp_108121_hemiR_,/scratch/jdekrake/training_data_b1000/hcp_108121_hemi-R_img.nii.gz
hcp_108222_hemiL_,/scratch/jdekrake/training_data_b1000/hcp_108222_hemi-L_img.nii.gz
hcp_108222_hemiR_,/scratch/jdekrake/training_data_b1000/hcp_108222_hemi-R_img.nii.gz
hcp_108323_hemiL_,/scratch/jdekrake/training_data_b1000/hcp_108323_hemi-L_img.nii.gz
hcp_108323_hemiR_,/scratch/jdekrake/training_data_b1000/hcp_108323_hemi-R_img.nii.gz
hcp_108525_hemiL_,/scratch/jdekrake/training_data_b1000/hcp_108525_hemi-L_img.nii.gz
hcp_108525_hemiR_,/scratch/jdekrake/training_data_b1000/hcp_108525_hemi-R_img.nii.gz
hcp_108828_hemiL_,/scratch/jdekrake/training_data_b1000/hcp_108828_hemi-L_img.nii.gz
hcp_108828_hemiR_,/scratch/jdekrake/training_data_b1000/hcp_108828_hemi-R_img.nii.gz
hcp_111009_hemiL_,/scratch/jdekrake/training_data_b1000/hcp_111009_hemi-L_img.nii.gz
hcp_111009_hemiR_,/scratch/jdekrake/training_data_b1000/hcp_111009_hemi-R_img.nii.gz
hcp_111312_hemiL_,/scratch/jdekrake/training_data_b1000/hcp_111312_hemi-L_img.nii.gz
hcp_111312_hemiR_,/scratch/jdekrake/training_data_b1000/hcp_111312_hemi-R_img.nii.gz
hcp_111514_hemiL_,/scratch/jdekrake/training_data_b1000/hcp_111514_hemi-L_img.nii.gz
hcp_111514_hemiR_,/scratch/jdekrake/training_data_b1000/hcp_111514_hemi-R_img.nii.gz
hcp_111716_hemiL_,/scratch/jdekrake/training_data_b1000/hcp_111716_hemi-L_img.nii.gz
hcp_111716_hemiR_,/scratch/jdekrake/training_data_b1000/hcp_111716_hemi-R_img.nii.gz
hcp_112112_hemiL_,/scratch/jdekrake/training_data_b1000/hcp_112112_hemi-L_img.nii.gz
hcp_112112_hemiR_,/scratch/jdekrake/training_data_b1000/hcp_112112_hemi-R_img.nii.gz
hcp_112314_hemiL_,/scratch/jdekrake/training_data_b1000/hcp_112314_hemi-L_img.nii.gz
hcp_112314_hemiR_,/scratch/jdekrake/training_data_b1000/hcp_112314_hemi-R_img.nii.gz
hcp_112516_hemiL_,/scratch/jdekrake/training_data_b1000/hcp_112516_hemi-L_img.nii.gz
hcp_112516_hemiR_,/scratch/jdekrake/training_data_b1000/hcp_112516_hemi-R_img.nii.gz
hcp_112920_hemiL_,/scratch/jdekrake/training_data_b1000/hcp_112920_hemi-L_img.nii.gz
hcp_112920_hemiR_,/scratch/jdekrake/training_data_b1000/hcp_112920_hemi-R_img.nii.gz
hcp_113215_hemiL_,/scratch/jdekrake/training_data_b1000/hcp_113215_hemi-L_img.nii.gz
hcp_113215_hemiR_,/scratch/jdekrake/training_data_b1000/hcp_113215_hemi-R_img.nii.gz
hcp_113619_hemiL_,/scratch/jdekrake/training_data_b1000/hcp_113619_hemi-L_img.nii.gz
hcp_113619_hemiR_,/scratch/jdekrake/training_data_b1000/hcp_113619_hemi-R_img.nii.gz
hcp_113821_hemiL_,/scratch/jdekrake/training_data_b1000/hcp_113821_hemi-L_img.nii.gz
hcp_113821_hemiR_,/scratch/jdekrake/training_data_b1000/hcp_113821_hemi-R_img.nii.gz
hcp_114116_hemiL_,/scratch/jdekrake/training_data_b1000/hcp_114116_hemi-L_img.nii.gz
hcp_114116_hemiR_,/scratch/jdekrake/training_data_b1000/hcp_114116_hemi-R_img.nii.gz
hcp_114823_hemiL_,/scratch/jdekrake/training_data_b1000/hcp_114823_hemi-L_img.nii.gz
hcp_114823_hemiR_,/scratch/jdekrake/training_data_b1000/hcp_114823_hemi-R_img.nii.gz
hcp_115320_hemiL_,/scratch/jdekrake/training_data_b1000/hcp_115320_hemi-L_img.nii.gz
hcp_115320_hemiR_,/scratch/jdekrake/training_data_b1000/hcp_115320_hemi-R_img.nii.gz
hcp_115724_hemiL_,/scratch/jdekrake/training_data_b1000/hcp_115724_hemi-L_img.nii.gz
hcp_115724_hemiR_,/scratch/jdekrake/training_data_b1000/hcp_115724_hemi-R_img.nii.gz
hcp_117021_hemiL_,/scratch/jdekrake/training_data_b1000/hcp_117021_hemi-L_img.nii.gz
hcp_117021_hemiR_,/scratch/jdekrake/training_data_b1000/hcp_117021_hemi-R_img.nii.gz
hcp_117324_hemiL_,/scratch/jdekrake/training_data_b1000/hcp_117324_hemi-L_img.nii.gz
hcp_117324_hemiR_,/scratch/jdekrake/training_data_b1000/hcp_117324_hemi-R_img.nii.gz
hcp_117930_hemiL_,/scratch/jdekrake/training_data_b1000/hcp_117930_hemi-L_img.nii.gz
hcp_117930_hemiR_,/scratch/jdekrake/training_data_b1000/hcp_117930_hemi-R_img.nii.gz
hcp_118023_hemiL_,/scratch/jdekrake/training_data_b1000/hcp_118023_hemi-L_img.nii.gz
hcp_118023_hemiR_,/scratch/jdekrake/training_data_b1000/hcp_118023_hemi-R_img.nii.gz
hcp_118225_hemiL_,/scratch/jdekrake/training_data_b1000/hcp_118225_hemi-L_img.nii.gz
hcp_118225_hemiR_,/scratch/jdekrake/training_data_b1000/hcp_118225_hemi-R_img.nii.gz
hcp_118831_hemiL_,/scratch/jdekrake/training_data_b1000/hcp_118831_hemi-L_img.nii.gz
hcp_118831_hemiR_,/scratch/jdekrake/training_data_b1000/hcp_118831_hemi-R_img.nii.gz
hcp_120111_hemiL_,/scratch/jdekrake/training_data_b1000/hcp_120111_hemi-L_img.nii.gz
hcp_120111_hemiR_,/scratch/jdekrake/training_data_b1000/hcp_120111_hemi-R_img.nii.gz
hcp_120212_hemiL_,/scratch/jdekrake/training_data_b1000/hcp_120212_hemi-L_img.nii.gz
hcp_120212_hemiR_,/scratch/jdekrake/training_data_b1000/hcp_120212_hemi-R_img.nii.gz
hcp_120414_hemiL_,/scratch/jdekrake/training_data_b1000/hcp_120414_hemi-L_img.nii.gz
hcp_120414_hemiR_,/scratch/jdekrake/training_data_b1000/hcp_120414_hemi-R_img.nii.gz
hcp_120515_hemiL_,/scratch/jdekrake/training_data_b1000/hcp_120515_hemi-L_img.nii.gz
hcp_120515_hemiR_,/scratch/jdekrake/training_data_b1000/hcp_120515_hemi-R_img.nii.gz
hcp_120717_hemiL_,/scratch/jdekrake/training_data_b1000/hcp_120717_hemi-L_img.nii.gz
hcp_120717_hemiR_,/scratch/jdekrake/training_data_b1000/hcp_120717_hemi-R_img.nii.gz
hcp_122418_hemiL_,/scratch/jdekrake/training_data_b1000/hcp_122418_hemi-L_img.nii.gz
hcp_122418_hemiR_,/scratch/jdekrake/training_data_b1000/hcp_122418_hemi-R_img.nii.gz
hcp_122822_hemiL_,/scratch/jdekrake/training_data_b1000/hcp_122822_hemi-L_img.nii.gz
hcp_122822_hemiR_,/scratch/jdekrake/training_data_b1000/hcp_122822_hemi-R_img.nii.gz
hcp_123420_hemiL_,/scratch/jdekrake/training_data_b1000/hcp_123420_hemi-L_img.nii.gz
hcp_123420_hemiR_,/scratch/jdekrake/training_data_b1000/hcp_123420_hemi-R_img.nii.gz
hcp_124422_hemiL_,/scratch/jdekrake/training_data_b1000/hcp_124422_hemi-L_img.nii.gz
hcp_124422_hemiR_,/scratch/jdekrake/training_data_b1000/hcp_124422_hemi-R_img.nii.gz
hcp_124624_hemiL_,/scratch/jdekrake/training_data_b1000/hcp_124624_hemi-L_img.nii.gz
hcp_124624_hemiR_,/scratch/jdekrake/training_data_b1000/hcp_124624_hemi-R_img.nii.gz
hcp_124826_hemiL_,/scratch/jdekrake/training_data_b1000/hcp_124826_hemi-L_img.nii.gz
hcp_124826_hemiR_,/scratch/jdekrake/training_data_b1000/hcp_124826_hemi-R_img.nii.gz
hcp_126426_hemiL_,/scratch/jdekrake/training_data_b1000/hcp_126426_hemi-L_img.nii.gz
hcp_126426_hemiR_,/scratch/jdekrake/training_data_b1000/hcp_126426_hemi-R_img.nii.gz
hcp_127226_hemiL_,/scratch/jdekrake/training_data_b1000/hcp_127226_hemi-L_img.nii.gz
hcp_127226_hemiR_,/scratch/jdekrake/training_data_b1000/hcp_127226_hemi-R_img.nii.gz
hcp_127731_hemiL_,/scratch/jdekrake/training_data_b1000/hcp_127731_hemi-L_img.nii.gz
hcp_127731_hemiR_,/scratch/jdekrake/training_data_b1000/hcp_127731_hemi-R_img.nii.gz
hcp_127832_hemiL_,/scratch/jdekrake/training_data_b1000/hcp_127832_hemi-L_img.nii.gz
hcp_127832_hemiR_,/scratch/jdekrake/training_data_b1000/hcp_127832_hemi-R_img.nii.gz
hcp_128026_hemiL_,/scratch/jdekrake/training_data_b1000/hcp_128026_hemi-L_img.nii.gz
hcp_128026_hemiR_,/scratch/jdekrake/training_data_b1000/hcp_128026_hemi-R_img.nii.gz
hcp_128127_hemiL_,/scratch/jdekrake/training_data_b1000/hcp_128127_hemi-L_img.nii.gz
hcp_128127_hemiR_,/scratch/jdekrake/training_data_b1000/hcp_128127_hemi-R_img.nii.gz
hcp_129331_hemiL_,/scratch/jdekrake/training_data_b1000/hcp_129331_hemi-L_img.nii.gz
hcp_129331_hemiR_,/scratch/jdekrake/training_data_b1000/hcp_129331_hemi-R_img.nii.gz
hcp_130013_hemiL_,/scratch/jdekrake/training_data_b1000/hcp_130013_hemi-L_img.nii.gz
hcp_130013_hemiR_,/scratch/jdekrake/training_data_b1000/hcp_130013_hemi-R_img.nii.gz
hcp_130316_hemiL_,/scratch/jdekrake/training_data_b1000/hcp_130316_hemi-L_img.nii.gz
hcp_130316_hemiR_,/scratch/jdekrake/training_data_b1000/hcp_130316_hemi-R_img.nii.gz
hcp_130518_hemiL_,/scratch/jdekrake/training_data_b1000/hcp_130518_hemi-L_img.nii.gz
hcp_130518_hemiR_,/scratch/jdekrake/training_data_b1000/hcp_130518_hemi-R_img.nii.gz
hcp_130922_hemiL_,/scratch/jdekrake/training_data_b1000/hcp_130922_hemi-L_img.nii.gz
hcp_130922_hemiR_,/scratch/jdekrake/training_data_b1000/hcp_130922_hemi-R_img.nii.gz
hcp_131217_hemiL_,/scratch/jdekrake/training_data_b1000/hcp_131217_hemi-L_img.nii.gz
hcp_131217_hemiR_,/scratch/jdekrake/training_data_b1000/hcp_131217_hemi-R_img.nii.gz
hcp_131419_hemiL_,/scratch/jdekrake/training_data_b1000/hcp_131419_hemi-L_img.nii.gz
hcp_131419_hemiR_,/scratch/jdekrake/training_data_b1000/hcp_131419_hemi-R_img.nii.gz
hcp_131924_hemiL_,/scratch/jdekrake/training_data_b1000/hcp_131924_hemi-L_img.nii.gz
hcp_131924_hemiR_,/scratch/jdekrake/training_data_b1000/hcp_131924_hemi-R_img.nii.gz
hcp_132017_hemiL_,/scratch/jdekrake/training_data_b1000/hcp_132017_hemi-L_img.nii.gz
hcp_132017_hemiR_,/scratch/jdekrake/training_data_b1000/hcp_132017_hemi-R_img.nii.gz
hcp_132118_hemiL_,/scratch/jdekrake/training_data_b1000/hcp_132118_hemi-L_img.nii.gz
hcp_132118_hemiR_,/scratch/jdekrake/training_data_b1000/hcp_132118_hemi-R_img.nii.gz
hcp_133928_hemiL_,/scratch/jdekrake/training_data_b1000/hcp_133928_hemi-L_img.nii.gz
hcp_133928_hemiR_,/scratch/jdekrake/training_data_b1000/hcp_133928_hemi-R_img.nii.gz
hcp_134324_hemiL_,/scratch/jdekrake/training_data_b1000/hcp_134324_hemi-L_img.nii.gz
hcp_134324_hemiR_,/scratch/jdekrake/training_data_b1000/hcp_134324_hemi-R_img.nii.gz
hcp_135124_hemiL_,/scratch/jdekrake/training_data_b1000/hcp_135124_hemi-L_img.nii.gz
hcp_135124_hemiR_,/scratch/jdekrake/training_data_b1000/hcp_135124_hemi-R_img.nii.gz
hcp_136833_hemiL_,/scratch/jdekrake/training_data_b1000/hcp_136833_hemi-L_img.nii.gz
hcp_136833_hemiR_,/scratch/jdekrake/training_data_b1000/hcp_136833_hemi-R_img.nii.gz
hcp_137027_hemiL_,/scratch/jdekrake/training_data_b1000/hcp_137027_hemi-L_img.nii.gz
hcp_137027_hemiR_,/scratch/jdekrake/training_data_b1000/hcp_137027_hemi-R_img.nii.gz
hcp_137229_hemiL_,/scratch/jdekrake/training_data_b1000/hcp_137229_hemi-L_img.nii.gz
hcp_137229_hemiR_,/scratch/jdekrake/training_data_b1000/hcp_137229_hemi-R_img.nii.gz
hcp_137532_hemiL_,/scratch/jdekrake/training_data_b1000/hcp_137532_hemi-L_img.nii.gz
hcp_137532_hemiR_,/scratch/jdekrake/training_data_b1000/hcp_137532_hemi-R_img.nii.gz
hcp_137633_hemiL_,/scratch/jdekrake/training_data_b1000/hcp_137633_hemi-L_img.nii.gz
hcp_137633_hemiR_,/scratch/jdekrake/training_data_b1000/hcp_137633_hemi-R_img.nii.gz
hcp_137936_hemiL_,/scratch/jdekrake/training_data_b1000/hcp_137936_hemi-L_img.nii.gz
hcp_137936_hemiR_,/scratch/jdekrake/training_data_b1000/hcp_137936_hemi-R_img.nii.gz
hcp_138837_hemiL_,/scratch/jdekrake/training_data_b1000/hcp_138837_hemi-L_img.nii.gz
hcp_138837_hemiR_,/scratch/jdekrake/training_data_b1000/hcp_138837_hemi-R_img.nii.gz
hcp_139233_hemiL_,/scratch/jdekrake/training_data_b1000/hcp_139233_hemi-L_img.nii.gz
hcp_139233_hemiR_,/scratch/jdekrake/training_data_b1000/hcp_139233_hemi-R_img.nii.gz
hcp_139637_hemiL_,/scratch/jdekrake/training_data_b1000/hcp_139637_hemi-L_img.nii.gz
hcp_139637_hemiR_,/scratch/jdekrake/training_data_b1000/hcp_139637_hemi-R_img.nii.gz
hcp_139839_hemiL_,/scratch/jdekrake/training_data_b1000/hcp_139839_hemi-L_img.nii.gz
hcp_139839_hemiR_,/scratch/jdekrake/training_data_b1000/hcp_139839_hemi-R_img.nii.gz
hcp_140117_hemiL_,/scratch/jdekrake/training_data_b1000/hcp_140117_hemi-L_img.nii.gz
hcp_140117_hemiR_,/scratch/jdekrake/training_data_b1000/hcp_140117_hemi-R_img.nii.gz
hcp_140319_hemiL_,/scratch/jdekrake/training_data_b1000/hcp_140319_hemi-L_img.nii.gz
hcp_140319_hemiR_,/scratch/jdekrake/training_data_b1000/hcp_140319_hemi-R_img.nii.gz
hcp_140824_hemiL_,/scratch/jdekrake/training_data_b1000/hcp_140824_hemi-L_img.nii.gz
hcp_140824_hemiR_,/scratch/jdekrake/training_data_b1000/hcp_140824_hemi-R_img.nii.gz
hcp_141422_hemiL_,/scratch/jdekrake/training_data_b1000/hcp_141422_hemi-L_img.nii.gz
hcp_141422_hemiR_,/scratch/jdekrake/training_data_b1000/hcp_141422_hemi-R_img.nii.gz
hcp_143224_hemiL_,/scratch/jdekrake/training_data_b1000/hcp_143224_hemi-L_img.nii.gz
hcp_143224_hemiR_,/scratch/jdekrake/training_data_b1000/hcp_143224_hemi-R_img.nii.gz
hcp_143325_hemiL_,/scratch/jdekrake/training_data_b1000/hcp_143325_hemi-L_img.nii.gz
hcp_143325_hemiR_,/scratch/jdekrake/training_data_b1000/hcp_143325_hemi-R_img.nii.gz
hcp_144125_hemiL_,/scratch/jdekrake/training_data_b1000/hcp_144125_hemi-L_img.nii.gz
hcp_144125_hemiR_,/scratch/jdekrake/training_data_b1000/hcp_144125_hemi-R_img.nii.gz
hcp_144226_hemiL_,/scratch/jdekrake/training_data_b1000/hcp_144226_hemi-L_img.nii.gz
hcp_144226_hemiR_,/scratch/jdekrake/training_data_b1000/hcp_144226_hemi-R_img.nii.gz
hcp_144428_hemiL_,/scratch/jdekrake/training_data_b1000/hcp_144428_hemi-L_img.nii.gz
hcp_144428_hemiR_,/scratch/jdekrake/training_data_b1000/hcp_144428_hemi-R_img.nii.gz
hcp_144933_hemiL_,/scratch/jdekrake/training_data_b1000/hcp_144933_hemi-L_img.nii.gz
hcp_144933_hemiR_,/scratch/jdekrake/training_data_b1000/hcp_144933_hemi-R_img.nii.gz
hcp_145834_hemiL_,/scratch/jdekrake/training_data_b1000/hcp_145834_hemi-L_img.nii.gz
hcp_145834_hemiR_,/scratch/jdekrake/training_data_b1000/hcp_145834_hemi-R_img.nii.gz
hcp_146129_hemiL_,/scratch/jdekrake/training_data_b1000/hcp_146129_hemi-L_img.nii.gz
hcp_146129_hemiR_,/scratch/jdekrake/training_data_b1000/hcp_146129_hemi-R_img.nii.gz
hcp_146735_hemiL_,/scratch/jdekrake/training_data_b1000/hcp_146735_hemi-L_img.nii.gz
hcp_146735_hemiR_,/scratch/jdekrake/training_data_b1000/hcp_146735_hemi-R_img.nii.gz
hcp_146836_hemiL_,/scratch/jdekrake/training_data_b1000/hcp_146836_hemi-L_img.nii.gz
hcp_146836_hemiR_,/scratch/jdekrake/training_data_b1000/hcp_146836_hemi-R_img.nii.gz
hcp_147737_hemiL_,/scratch/jdekrake/training_data_b1000/hcp_147737_hemi-L_img.nii.gz
hcp_147737_hemiR_,/scratch/jdekrake/training_data_b1000/hcp_147737_hemi-R_img.nii.gz
hcp_148032_hemiL_,/scratch/jdekrake/training_data_b1000/hcp_148032_hemi-L_img.nii.gz
hcp_148032_hemiR_,/scratch/jdekrake/training_data_b1000/hcp_148032_hemi-R_img.nii.gz
hcp_148133_hemiL_,/scratch/jdekrake/training_data_b1000/hcp_148133_hemi-L_img.nii.gz
hcp_148133_hemiR_,/scratch/jdekrake/training_data_b1000/hcp_148133_hemi-R_img.nii.gz
hcp_148335_hemiL_,/scratch/jdekrake/training_data_b1000/hcp_148335_hemi-L_img.nii.gz
hcp_148335_hemiR_,/scratch/jdekrake/training_data_b1000/hcp_148335_hemi-R_img.nii.gz
hcp_148840_hemiL_,/scratch/jdekrake/training_data_b1000/hcp_148840_hemi-L_img.nii.gz
hcp_148840_hemiR_,/scratch/jdekrake/training_data_b1000/hcp_148840_hemi-R_img.nii.gz
hcp_149337_hemiL_,/scratch/jdekrake/training_data_b1000/hcp_149337_hemi-L_img.nii.gz
hcp_149337_hemiR_,/scratch/jdekrake/training_data_b1000/hcp_149337_hemi-R_img.nii.gz
hcp_149842_hemiL_,/scratch/jdekrake/training_data_b1000/hcp_149842_hemi-L_img.nii.gz
hcp_149842_hemiR_,/scratch/jdekrake/training_data_b1000/hcp_149842_hemi-R_img.nii.gz
hcp_150019_hemiL_,/scratch/jdekrake/training_data_b1000/hcp_150019_hemi-L_img.nii.gz
hcp_150019_hemiR_,/scratch/jdekrake/training_data_b1000/hcp_150019_hemi-R_img.nii.gz
hcp_150524_hemiL_,/scratch/jdekrake/training_data_b1000/hcp_150524_hemi-L_img.nii.gz
hcp_150524_hemiR_,/scratch/jdekrake/training_data_b1000/hcp_150524_hemi-R_img.nii.gz
hcp_150625_hemiL_,/scratch/jdekrake/training_data_b1000/hcp_150625_hemi-L_img.nii.gz
hcp_150625_hemiR_,/scratch/jdekrake/training_data_b1000/hcp_150625_hemi-R_img.nii.gz
hcp_150726_hemiL_,/scratch/jdekrake/training_data_b1000/hcp_150726_hemi-L_img.nii.gz
hcp_150726_hemiR_,/scratch/jdekrake/training_data_b1000/hcp_150726_hemi-R_img.nii.gz
hcp_150928_hemiL_,/scratch/jdekrake/training_data_b1000/hcp_150928_hemi-L_img.nii.gz
hcp_150928_hemiR_,/scratch/jdekrake/training_data_b1000/hcp_150928_hemi-R_img.nii.gz
hcp_151425_hemiL_,/scratch/jdekrake/training_data_b1000/hcp_151425_hemi-L_img.nii.gz
hcp_151425_hemiR_,/scratch/jdekrake/training_data_b1000/hcp_151425_hemi-R_img.nii.gz
hcp_151627_hemiL_,/scratch/jdekrake/training_data_b1000/hcp_151627_hemi-L_img.nii.gz
hcp_151627_hemiR_,/scratch/jdekrake/training_data_b1000/hcp_151627_hemi-R_img.nii.gz
hcp_151930_hemiL_,/scratch/jdekrake/training_data_b1000/hcp_151930_hemi-L_img.nii.gz
hcp_151930_hemiR_,/scratch/jdekrake/training_data_b1000/hcp_151930_hemi-R_img.nii.gz
hcp_152427_hemiL_,/scratch/jdekrake/training_data_b1000/hcp_152427_hemi-L_img.nii.gz
hcp_152427_hemiR_,/scratch/jdekrake/training_data_b1000/hcp_152427_hemi-R_img.nii.gz
hcp_152831_hemiL_,/scratch/jdekrake/training_data_b1000/hcp_152831_hemi-L_img.nii.gz
hcp_152831_hemiR_,/scratch/jdekrake/training_data_b1000/hcp_152831_hemi-R_img.nii.gz
hcp_153025_hemiL_,/scratch/jdekrake/training_data_b1000/hcp_153025_hemi-L_img.nii.gz
hcp_153025_hemiR_,/scratch/jdekrake/training_data_b1000/hcp_153025_hemi-R_img.nii.gz
hcp_153429_hemiL_,/scratch/jdekrake/training_data_b1000/hcp_153429_hemi-L_img.nii.gz
hcp_153429_hemiR_,/scratch/jdekrake/training_data_b1000/hcp_153429_hemi-R_img.nii.gz
hcp_153833_hemiL_,/scratch/jdekrake/training_data_b1000/hcp_153833_hemi-L_img.nii.gz
hcp_153833_hemiR_,/scratch/jdekrake/training_data_b1000/hcp_153833_hemi-R_img.nii.gz
hcp_153934_hemiL_,/scratch/jdekrake/training_data_b1000/hcp_153934_hemi-L_img.nii.gz
hcp_153934_hemiR_,/scratch/jdekrake/training_data_b1000/hcp_153934_hemi-R_img.nii.gz
hcp_154330_hemiL_,/scratch/jdekrake/training_data_b1000/hcp_154330_hemi-L_img.nii.gz
hcp_154330_hemiR_,/scratch/jdekrake/training_data_b1000/hcp_154330_hemi-R_img.nii.gz
hcp_155635_hemiL_,/scratch/jdekrake/training_data_b1000/hcp_155635_hemi-L_img.nii.gz
hcp_155635_hemiR_,/scratch/jdekrake/training_data_b1000/hcp_155635_hemi-R_img.nii.gz
hcp_156031_hemiL_,/scratch/jdekrake/training_data_b1000/hcp_156031_hemi-L_img.nii.gz
hcp_156031_hemiR_,/scratch/jdekrake/training_data_b1000/hcp_156031_hemi-R_img.nii.gz
hcp_156233_hemiL_,/scratch/jdekrake/training_data_b1000/hcp_156233_hemi-L_img.nii.gz
hcp_156233_hemiR_,/scratch/jdekrake/training_data_b1000/hcp_156233_hemi-R_img.nii.gz
hcp_157437_hemiL_,/scratch/jdekrake/training_data_b1000/hcp_157437_hemi-L_img.nii.gz
hcp_157437_hemiR_,/scratch/jdekrake/training_data_b1000/hcp_157437_hemi-R_img.nii.gz
hcp_158035_hemiL_,/scratch/jdekrake/training_data_b1000/hcp_158035_hemi-L_img.nii.gz
hcp_158035_hemiR_,/scratch/jdekrake/training_data_b1000/hcp_158035_hemi-R_img.nii.gz
hcp_158136_hemiL_,/scratch/jdekrake/training_data_b1000/hcp_158136_hemi-L_img.nii.gz
hcp_158136_hemiR_,/scratch/jdekrake/training_data_b1000/hcp_158136_hemi-R_img.nii.gz
hcp_158338_hemiL_,/scratch/jdekrake/training_data_b1000/hcp_158338_hemi-L_img.nii.gz
hcp_158338_hemiR_,/scratch/jdekrake/training_data_b1000/hcp_158338_hemi-R_img.nii.gz
hcp_159340_hemiL_,/scratch/jdekrake/training_data_b1000/hcp_159340_hemi-L_img.nii.gz
hcp_159340_hemiR_,/scratch/jdekrake/training_data_b1000/hcp_159340_hemi-R_img.nii.gz
hcp_159441_hemiL_,/scratch/jdekrake/training_data_b1000/hcp_159441_hemi-L_img.nii.gz
hcp_159441_hemiR_,/scratch/jdekrake/training_data_b1000/hcp_159441_hemi-R_img.nii.gz
hcp_159744_hemiL_,/scratch/jdekrake/training_data_b1000/hcp_159744_hemi-L_img.nii.gz
hcp_159744_hemiR_,/scratch/jdekrake/training_data_b1000/hcp_159744_hemi-R_img.nii.gz
hcp_160729_hemiL_,/scratch/jdekrake/training_data_b1000/hcp_160729_hemi-L_img.nii.gz
hcp_160729_hemiR_,/scratch/jdekrake/training_data_b1000/hcp_160729_hemi-R_img.nii.gz
hcp_160830_hemiL_,/scratch/jdekrake/training_data_b1000/hcp_160830_hemi-L_img.nii.gz
hcp_160830_hemiR_,/scratch/jdekrake/training_data_b1000/hcp_160830_hemi-R_img.nii.gz
hcp_161630_hemiL_,/scratch/jdekrake/training_data_b1000/hcp_161630_hemi-L_img.nii.gz
hcp_161630_hemiR_,/scratch/jdekrake/training_data_b1000/hcp_161630_hemi-R_img.nii.gz
hcp_161832_hemiL_,/scratch/jdekrake/training_data_b1000/hcp_161832_hemi-L_img.nii.gz
hcp_161832_hemiR_,/scratch/jdekrake/training_data_b1000/hcp_161832_hemi-R_img.nii.gz
hcp_162026_hemiL_,/scratch/jdekrake/training_data_b1000/hcp_162026_hemi-L_img.nii.gz
hcp_162026_hemiR_,/scratch/jdekrake/training_data_b1000/hcp_162026_hemi-R_img.nii.gz
hcp_162329_hemiL_,/scratch/jdekrake/training_data_b1000/hcp_162329_hemi-L_img.nii.gz
hcp_162329_hemiR_,/scratch/jdekrake/training_data_b1000/hcp_162329_hemi-R_img.nii.gz
hcp_162733_hemiL_,/scratch/jdekrake/training_data_b1000/hcp_162733_hemi-L_img.nii.gz
hcp_162733_hemiR_,/scratch/jdekrake/training_data_b1000/hcp_162733_hemi-R_img.nii.gz
hcp_163432_hemiL_,/scratch/jdekrake/training_data_b1000/hcp_163432_hemi-L_img.nii.gz
hcp_163432_hemiR_,/scratch/jdekrake/training_data_b1000/hcp_163432_hemi-R_img.nii.gz
hcp_164131_hemiL_,/scratch/jdekrake/training_data_b1000/hcp_164131_hemi-L_img.nii.gz
hcp_164131_hemiR_,/scratch/jdekrake/training_data_b1000/hcp_164131_hemi-R_img.nii.gz
hcp_165032_hemiL_,/scratch/jdekrake/training_data_b1000/hcp_165032_hemi-L_img.nii.gz
hcp_165032_hemiR_,/scratch/jdekrake/training_data_b1000/hcp_165032_hemi-R_img.nii.gz
hcp_167036_hemiL_,/scratch/jdekrake/training_data_b1000/hcp_167036_hemi-L_img.nii.gz
hcp_167036_hemiR_,/scratch/jdekrake/training_data_b1000/hcp_167036_hemi-R_img.nii.gz
hcp_167238_hemiL_,/scratch/jdekrake/training_data_b1000/hcp_167238_hemi-L_img.nii.gz
hcp_167238_hemiR_,/scratch/jdekrake/training_data_b1000/hcp_167238_hemi-R_img.nii.gz
hcp_168745_hemiL_,/scratch/jdekrake/training_data_b1000/hcp_168745_hemi-L_img.nii.gz
hcp_168745_hemiR_,/scratch/jdekrake/training_data_b1000/hcp_168745_hemi-R_img.nii.gz
hcp_168947_hemiL_,/scratch/jdekrake/training_data_b1000/hcp_168947_hemi-L_img.nii.gz
hcp_168947_hemiR_,/scratch/jdekrake/training_data_b1000/hcp_168947_hemi-R_img.nii.gz
hcp_169040_hemiL_,/scratch/jdekrake/training_data_b1000/hcp_169040_hemi-L_img.nii.gz
hcp_169040_hemiR_,/scratch/jdekrake/training_data_b1000/hcp_169040_hemi-R_img.nii.gz
hcp_169444_hemiL_,/scratch/jdekrake/training_data_b1000/hcp_169444_hemi-L_img.nii.gz
hcp_169444_hemiR_,/scratch/jdekrake/training_data_b1000/hcp_169444_hemi-R_img.nii.gz
hcp_169545_hemiL_,/scratch/jdekrake/training_data_b1000/hcp_169545_hemi-L_img.nii.gz
hcp_169545_hemiR_,/scratch/jdekrake/training_data_b1000/hcp_169545_hemi-R_img.nii.gz
hcp_169949_hemiL_,/scratch/jdekrake/training_data_b1000/hcp_169949_hemi-L_img.nii.gz
hcp_169949_hemiR_,/scratch/jdekrake/training_data_b1000/hcp_169949_hemi-R_img.nii.gz
hcp_170631_hemiL_,/scratch/jdekrake/training_data_b1000/hcp_170631_hemi-L_img.nii.gz
hcp_170631_hemiR_,/scratch/jdekrake/training_data_b1000/hcp_170631_hemi-R_img.nii.gz
hcp_171633_hemiL_,/scratch/jdekrake/training_data_b1000/hcp_171633_hemi-L_img.nii.gz
hcp_171633_hemiR_,/scratch/jdekrake/training_data_b1000/hcp_171633_hemi-R_img.nii.gz
hcp_172130_hemiL_,/scratch/jdekrake/training_data_b1000/hcp_172130_hemi-L_img.nii.gz
hcp_172130_hemiR_,/scratch/jdekrake/training_data_b1000/hcp_172130_hemi-R_img.nii.gz
hcp_172433_hemiL_,/scratch/jdekrake/training_data_b1000/hcp_172433_hemi-L_img.nii.gz
hcp_172433_hemiR_,/scratch/jdekrake/training_data_b1000/hcp_172433_hemi-R_img.nii.gz
hcp_172635_hemiL_,/scratch/jdekrake/training_data_b1000/hcp_172635_hemi-L_img.nii.gz
hcp_172635_hemiR_,/scratch/jdekrake/training_data_b1000/hcp_172635_hemi-R_img.nii.gz
hcp_172938_hemiL_,/scratch/jdekrake/training_data_b1000/hcp_172938_hemi-L_img.nii.gz
hcp_172938_hemiR_,/scratch/jdekrake/training_data_b1000/hcp_172938_hemi-R_img.nii.gz
hcp_173132_hemiL_,/scratch/jdekrake/training_data_b1000/hcp_173132_hemi-L_img.nii.gz
hcp_173132_hemiR_,/scratch/jdekrake/training_data_b1000/hcp_173132_hemi-R_img.nii.gz
hcp_173435_hemiL_,/scratch/jdekrake/training_data_b1000/hcp_173435_hemi-L_img.nii.gz
hcp_173435_hemiR_,/scratch/jdekrake/training_data_b1000/hcp_173435_hemi-R_img.nii.gz
hcp_173536_hemiL_,/scratch/jdekrake/training_data_b1000/hcp_173536_hemi-L_img.nii.gz
hcp_173536_hemiR_,/scratch/jdekrake/training_data_b1000/hcp_173536_hemi-R_img.nii.gz
hcp_173637_hemiL_,/scratch/jdekrake/training_data_b1000/hcp_173637_hemi-L_img.nii.gz
hcp_173637_hemiR_,/scratch/jdekrake/training_data_b1000/hcp_173637_hemi-R_img.nii.gz
hcp_173839_hemiL_,/scratch/jdekrake/training_data_b1000/hcp_173839_hemi-L_img.nii.gz
hcp_173839_hemiR_,/scratch/jdekrake/training_data_b1000/hcp_173839_hemi-R_img.nii.gz
hcp_173940_hemiL_,/scratch/jdekrake/training_data_b1000/hcp_173940_hemi-L_img.nii.gz
hcp_173940_hemiR_,/scratch/jdekrake/training_data_b1000/hcp_173940_hemi-R_img.nii.gz
hcp_174841_hemiL_,/scratch/jdekrake/training_data_b1000/hcp_174841_hemi-L_img.nii.gz
hcp_174841_hemiR_,/scratch/jdekrake/training_data_b1000/hcp_174841_hemi-R_img.nii.gz
hcp_175035_hemiL_,/scratch/jdekrake/training_data_b1000/hcp_175035_hemi-L_img.nii.gz
hcp_175035_hemiR_,/scratch/jdekrake/training_data_b1000/hcp_175035_hemi-R_img.nii.gz
hcp_175439_hemiL_,/scratch/jdekrake/training_data_b1000/hcp_175439_hemi-L_img.nii.gz
hcp_175439_hemiR_,/scratch/jdekrake/training_data_b1000/hcp_175439_hemi-R_img.nii.gz
hcp_175540_hemiL_,/scratch/jdekrake/training_data_b1000/hcp_175540_hemi-L_img.nii.gz
hcp_175540_hemiR_,/scratch/jdekrake/training_data_b1000/hcp_175540_hemi-R_img.nii.gz
hcp_177140_hemiL_,/scratch/jdekrake/training_data_b1000/hcp_177140_hemi-L_img.nii.gz
hcp_177140_hemiR_,/scratch/jdekrake/training_data_b1000/hcp_177140_hemi-R_img.nii.gz
hcp_177645_hemiL_,/scratch/jdekrake/training_data_b1000/hcp_177645_hemi-L_img.nii.gz
hcp_177645_hemiR_,/scratch/jdekrake/training_data_b1000/hcp_177645_hemi-R_img.nii.gz
hcp_177746_hemiL_,/scratch/jdekrake/training_data_b1000/hcp_177746_hemi-L_img.nii.gz
hcp_177746_hemiR_,/scratch/jdekrake/training_data_b1000/hcp_177746_hemi-R_img.nii.gz
hcp_178142_hemiL_,/scratch/jdekrake/training_data_b1000/hcp_178142_hemi-L_img.nii.gz
hcp_178142_hemiR_,/scratch/jdekrake/training_data_b1000/hcp_178142_hemi-R_img.nii.gz
hcp_178748_hemiL_,/scratch/jdekrake/training_data_b1000/hcp_178748_hemi-L_img.nii.gz
hcp_178748_hemiR_,/scratch/jdekrake/training_data_b1000/hcp_178748_hemi-R_img.nii.gz
hcp_180129_hemiL_,/scratch/jdekrake/training_data_b1000/hcp_180129_hemi-L_img.nii.gz
hcp_180129_hemiR_,/scratch/jdekrake/training_data_b1000/hcp_180129_hemi-R_img.nii.gz
hcp_180230_hemiL_,/scratch/jdekrake/training_data_b1000/hcp_180230_hemi-L_img.nii.gz
hcp_180230_hemiR_,/scratch/jdekrake/training_data_b1000/hcp_180230_hemi-R_img.nii.gz
hcp_181131_hemiL_,/scratch/jdekrake/training_data_b1000/hcp_181131_hemi-L_img.nii.gz
hcp_181131_hemiR_,/scratch/jdekrake/training_data_b1000/hcp_181131_hemi-R_img.nii.gz
hcp_181232_hemiL_,/scratch/jdekrake/training_data_b1000/hcp_181232_hemi-L_img.nii.gz
hcp_181232_hemiR_,/scratch/jdekrake/training_data_b1000/hcp_181232_hemi-R_img.nii.gz
hcp_183034_hemiL_,/scratch/jdekrake/training_data_b1000/hcp_183034_hemi-L_img.nii.gz
hcp_183034_hemiR_,/scratch/jdekrake/training_data_b1000/hcp_183034_hemi-R_img.nii.gz
hcp_183337_hemiL_,/scratch/jdekrake/training_data_b1000/hcp_183337_hemi-L_img.nii.gz
hcp_183337_hemiR_,/scratch/jdekrake/training_data_b1000/hcp_183337_hemi-R_img.nii.gz
hcp_185139_hemiL_,/scratch/jdekrake/training_data_b1000/hcp_185139_hemi-L_img.nii.gz
hcp_185139_hemiR_,/scratch/jdekrake/training_data_b1000/hcp_185139_hemi-R_img.nii.gz
hcp_185341_hemiL_,/scratch/jdekrake/training_data_b1000/hcp_185341_hemi-L_img.nii.gz
hcp_185341_hemiR_,/scratch/jdekrake/training_data_b1000/hcp_185341_hemi-R_img.nii.gz
hcp_185442_hemiL_,/scratch/jdekrake/training_data_b1000/hcp_185442_hemi-L_img.nii.gz
hcp_185442_hemiR_,/scratch/jdekrake/training_data_b1000/hcp_185442_hemi-R_img.nii.gz
hcp_186040_hemiL_,/scratch/jdekrake/training_data_b1000/hcp_186040_hemi-L_img.nii.gz
hcp_186040_hemiR_,/scratch/jdekrake/training_data_b1000/hcp_186040_hemi-R_img.nii.gz
hcp_186848_hemiL_,/scratch/jdekrake/training_data_b1000/hcp_186848_hemi-L_img.nii.gz
hcp_186848_hemiR_,/scratch/jdekrake/training_data_b1000/hcp_186848_hemi-R_img.nii.gz
hcp_187547_hemiL_,/scratch/jdekrake/training_data_b1000/hcp_187547_hemi-L_img.nii.gz
hcp_187547_hemiR_,/scratch/jdekrake/training_data_b1000/hcp_187547_hemi-R_img.nii.gz
hcp_188145_hemiL_,/scratch/jdekrake/training_data_b1000/hcp_188145_hemi-L_img.nii.gz
hcp_188145_hemiR_,/scratch/jdekrake/training_data_b1000/hcp_188145_hemi-R_img.nii.gz
hcp_188347_hemiL_,/scratch/jdekrake/training_data_b1000/hcp_188347_hemi-L_img.nii.gz
hcp_188347_hemiR_,/scratch/jdekrake/training_data_b1000/hcp_188347_hemi-R_img.nii.gz
hcp_189450_hemiL_,/scratch/jdekrake/training_data_b1000/hcp_189450_hemi-L_img.nii.gz
hcp_189450_hemiR_,/scratch/jdekrake/training_data_b1000/hcp_189450_hemi-R_img.nii.gz
hcp_190031_hemiL_,/scratch/jdekrake/training_data_b1000/hcp_190031_hemi-L_img.nii.gz
hcp_190031_hemiR_,/scratch/jdekrake/training_data_b1000/hcp_190031_hemi-R_img.nii.gz
hcp_191235_hemiL_,/scratch/jdekrake/training_data_b1000/hcp_191235_hemi-L_img.nii.gz
hcp_191235_hemiR_,/scratch/jdekrake/training_data_b1000/hcp_191235_hemi-R_img.nii.gz
hcp_191336_hemiL_,/scratch/jdekrake/training_data_b1000/hcp_191336_hemi-L_img.nii.gz
hcp_191336_hemiR_,/scratch/jdekrake/training_data_b1000/hcp_191336_hemi-R_img.nii.gz
hcp_191437_hemiL_,/scratch/jdekrake/training_data_b1000/hcp_191437_hemi-L_img.nii.gz
hcp_191437_hemiR_,/scratch/jdekrake/training_data_b1000/hcp_191437_hemi-R_img.nii.gz
hcp_191841_hemiL_,/scratch/jdekrake/training_data_b1000/hcp_191841_hemi-L_img.nii.gz
hcp_191841_hemiR_,/scratch/jdekrake/training_data_b1000/hcp_191841_hemi-R_img.nii.gz
hcp_192035_hemiL_,/scratch/jdekrake/training_data_b1000/hcp_192035_hemi-L_img.nii.gz
hcp_192035_hemiR_,/scratch/jdekrake/training_data_b1000/hcp_192035_hemi-R_img.nii.gz
hcp_192136_hemiL_,/scratch/jdekrake/training_data_b1000/hcp_192136_hemi-L_img.nii.gz
hcp_192136_hemiR_,/scratch/jdekrake/training_data_b1000/hcp_192136_hemi-R_img.nii.gz
hcp_192641_hemiL_,/scratch/jdekrake/training_data_b1000/hcp_192641_hemi-L_img.nii.gz
hcp_192641_hemiR_,/scratch/jdekrake/training_data_b1000/hcp_192641_hemi-R_img.nii.gz
hcp_192843_hemiL_,/scratch/jdekrake/training_data_b1000/hcp_192843_hemi-L_img.nii.gz
hcp_192843_hemiR_,/scratch/jdekrake/training_data_b1000/hcp_192843_hemi-R_img.nii.gz
hcp_193239_hemiL_,/scratch/jdekrake/training_data_b1000/hcp_193239_hemi-L_img.nii.gz
hcp_193239_hemiR_,/scratch/jdekrake/training_data_b1000/hcp_193239_hemi-R_img.nii.gz
hcp_194443_hemiL_,/scratch/jdekrake/training_data_b1000/hcp_194443_hemi-L_img.nii.gz
hcp_194443_hemiR_,/scratch/jdekrake/training_data_b1000/hcp_194443_hemi-R_img.nii.gz
hcp_194645_hemiL_,/scratch/jdekrake/training_data_b1000/hcp_194645_hemi-L_img.nii.gz
hcp_194645_hemiR_,/scratch/jdekrake/training_data_b1000/hcp_194645_hemi-R_img.nii.gz
hcp_194746_hemiL_,/scratch/jdekrake/training_data_b1000/hcp_194746_hemi-L_img.nii.gz
hcp_194746_hemiR_,/scratch/jdekrake/training_data_b1000/hcp_194746_hemi-R_img.nii.gz
hcp_194847_hemiL_,/scratch/jdekrake/training_data_b1000/hcp_194847_hemi-L_img.nii.gz
hcp_194847_hemiR_,/scratch/jdekrake/training_data_b1000/hcp_194847_hemi-R_img.nii.gz
hcp_195041_hemiL_,/scratch/jdekrake/training_data_b1000/hcp_195041_hemi-L_img.nii.gz
hcp_195041_hemiR_,/scratch/jdekrake/training_data_b1000/hcp_195041_hemi-R_img.nii.gz
hcp_195445_hemiL_,/scratch/jdekrake/training_data_b1000/hcp_195445_hemi-L_img.nii.gz
hcp_195445_hemiR_,/scratch/jdekrake/training_data_b1000/hcp_195445_hemi-R_img.nii.gz
hcp_195849_hemiL_,/scratch/jdekrake/training_data_b1000/hcp_195849_hemi-L_img.nii.gz
hcp_195849_hemiR_,/scratch/jdekrake/training_data_b1000/hcp_195849_hemi-R_img.nii.gz
hcp_196144_hemiL_,/scratch/jdekrake/training_data_b1000/hcp_196144_hemi-L_img.nii.gz
hcp_196144_hemiR_,/scratch/jdekrake/training_data_b1000/hcp_196144_hemi-R_img.nii.gz
hcp_196851_hemiL_,/scratch/jdekrake/training_data_b1000/hcp_196851_hemi-L_img.nii.gz
hcp_196851_hemiR_,/scratch/jdekrake/training_data_b1000/hcp_196851_hemi-R_img.nii.gz
hcp_196952_hemiL_,/scratch/jdekrake/training_data_b1000/hcp_196952_hemi-L_img.nii.gz
hcp_196952_hemiR_,/scratch/jdekrake/training_data_b1000/hcp_196952_hemi-R_img.nii.gz
hcp_197348_hemiL_,/scratch/jdekrake/training_data_b1000/hcp_197348_hemi-L_img.nii.gz
hcp_197348_hemiR_,/scratch/jdekrake/training_data_b1000/hcp_197348_hemi-R_img.nii.gz
hcp_197651_hemiL_,/scratch/jdekrake/training_data_b1000/hcp_197651_hemi-L_img.nii.gz
hcp_197651_hemiR_,/scratch/jdekrake/training_data_b1000/hcp_197651_hemi-R_img.nii.gz
hcp_198350_hemiL_,/scratch/jdekrake/training_data_b1000/hcp_198350_hemi-L_img.nii.gz
hcp_198350_hemiR_,/scratch/jdekrake/training_data_b1000/hcp_198350_hemi-R_img.nii.gz
hcp_198451_hemiL_,/scratch/jdekrake/training_data_b1000/hcp_198451_hemi-L_img.nii.gz
hcp_198451_hemiR_,/scratch/jdekrake/training_data_b1000/hcp_198451_hemi-R_img.nii.gz
hcp_198855_hemiL_,/scratch/jdekrake/training_data_b1000/hcp_198855_hemi-L_img.nii.gz
hcp_198855_hemiR_,/scratch/jdekrake/training_data_b1000/hcp_198855_hemi-R_img.nii.gz
hcp_199251_hemiL_,/scratch/jdekrake/training_data_b1000/hcp_199251_hemi-L_img.nii.gz
hcp_199251_hemiR_,/scratch/jdekrake/training_data_b1000/hcp_199251_hemi-R_img.nii.gz
hcp_199352_hemiL_,/scratch/jdekrake/training_data_b1000/hcp_199352_hemi-L_img.nii.gz
hcp_199352_hemiR_,/scratch/jdekrake/training_data_b1000/hcp_199352_hemi-R_img.nii.gz
hcp_199453_hemiL_,/scratch/jdekrake/training_data_b1000/hcp_199453_hemi-L_img.nii.gz
hcp_199453_hemiR_,/scratch/jdekrake/training_data_b1000/hcp_199453_hemi-R_img.nii.gz
hcp_199655_hemiL_,/scratch/jdekrake/training_data_b1000/hcp_199655_hemi-L_img.nii.gz
hcp_199655_hemiR_,/scratch/jdekrake/training_data_b1000/hcp_199655_hemi-R_img.nii.gz
hcp_200008_hemiL_,/scratch/jdekrake/training_data_b1000/hcp_200008_hemi-L_img.nii.gz
hcp_200008_hemiR_,/scratch/jdekrake/training_data_b1000/hcp_200008_hemi-R_img.nii.gz
hcp_200109_hemiL_,/scratch/jdekrake/training_data_b1000/hcp_200109_hemi-L_img.nii.gz
hcp_200109_hemiR_,/scratch/jdekrake/training_data_b1000/hcp_200109_hemi-R_img.nii.gz
hcp_200311_hemiL_,/scratch/jdekrake/training_data_b1000/hcp_200311_hemi-L_img.nii.gz
hcp_200311_hemiR_,/scratch/jdekrake/training_data_b1000/hcp_200311_hemi-R_img.nii.gz
hcp_200513_hemiL_,/scratch/jdekrake/training_data_b1000/hcp_200513_hemi-L_img.nii.gz
hcp_200513_hemiR_,/scratch/jdekrake/training_data_b1000/hcp_200513_hemi-R_img.nii.gz
hcp_201111_hemiL_,/scratch/jdekrake/training_data_b1000/hcp_201111_hemi-L_img.nii.gz
hcp_201111_hemiR_,/scratch/jdekrake/training_data_b1000/hcp_201111_hemi-R_img.nii.gz
hcp_201515_hemiL_,/scratch/jdekrake/training_data_b1000/hcp_201515_hemi-L_img.nii.gz
hcp_201515_hemiR_,/scratch/jdekrake/training_data_b1000/hcp_201515_hemi-R_img.nii.gz
hcp_201818_hemiL_,/scratch/jdekrake/training_data_b1000/hcp_201818_hemi-L_img.nii.gz
hcp_201818_hemiR_,/scratch/jdekrake/training_data_b1000/hcp_201818_hemi-R_img.nii.gz
hcp_202719_hemiL_,/scratch/jdekrake/training_data_b1000/hcp_202719_hemi-L_img.nii.gz
hcp_202719_hemiR_,/scratch/jdekrake/training_data_b1000/hcp_202719_hemi-R_img.nii.gz
hcp_203418_hemiL_,/scratch/jdekrake/training_data_b1000/hcp_203418_hemi-L_img.nii.gz
hcp_203418_hemiR_,/scratch/jdekrake/training_data_b1000/hcp_203418_hemi-R_img.nii.gz
hcp_203923_hemiL_,/scratch/jdekrake/training_data_b1000/hcp_203923_hemi-L_img.nii.gz
hcp_203923_hemiR_,/scratch/jdekrake/training_data_b1000/hcp_203923_hemi-R_img.nii.gz
hcp_204319_hemiL_,/scratch/jdekrake/training_data_b1000/hcp_204319_hemi-L_img.nii.gz
hcp_204319_hemiR_,/scratch/jdekrake/training_data_b1000/hcp_204319_hemi-R_img.nii.gz
hcp_204521_hemiL_,/scratch/jdekrake/training_data_b1000/hcp_204521_hemi-L_img.nii.gz
hcp_204521_hemiR_,/scratch/jdekrake/training_data_b1000/hcp_204521_hemi-R_img.nii.gz
hcp_204622_hemiL_,/scratch/jdekrake/training_data_b1000/hcp_204622_hemi-L_img.nii.gz
hcp_204622_hemiR_,/scratch/jdekrake/training_data_b1000/hcp_204622_hemi-R_img.nii.gz
hcp_205220_hemiL_,/scratch/jdekrake/training_data_b1000/hcp_205220_hemi-L_img.nii.gz
hcp_205220_hemiR_,/scratch/jdekrake/training_data_b1000/hcp_205220_hemi-R_img.nii.gz
hcp_206323_hemiL_,/scratch/jdekrake/training_data_b1000/hcp_206323_hemi-L_img.nii.gz
hcp_206323_hemiR_,/scratch/jdekrake/training_data_b1000/hcp_206323_hemi-R_img.nii.gz
hcp_206727_hemiL_,/scratch/jdekrake/training_data_b1000/hcp_206727_hemi-L_img.nii.gz
hcp_206727_hemiR_,/scratch/jdekrake/training_data_b1000/hcp_206727_hemi-R_img.nii.gz
hcp_207426_hemiL_,/scratch/jdekrake/training_data_b1000/hcp_207426_hemi-L_img.nii.gz
hcp_207426_hemiR_,/scratch/jdekrake/training_data_b1000/hcp_207426_hemi-R_img.nii.gz
hcp_208024_hemiL_,/scratch/jdekrake/training_data_b1000/hcp_208024_hemi-L_img.nii.gz
hcp_208024_hemiR_,/scratch/jdekrake/training_data_b1000/hcp_208024_hemi-R_img.nii.gz
hcp_208226_hemiL_,/scratch/jdekrake/training_data_b1000/hcp_208226_hemi-L_img.nii.gz
hcp_208226_hemiR_,/scratch/jdekrake/training_data_b1000/hcp_208226_hemi-R_img.nii.gz
hcp_208327_hemiL_,/scratch/jdekrake/training_data_b1000/hcp_208327_hemi-L_img.nii.gz
hcp_208327_hemiR_,/scratch/jdekrake/training_data_b1000/hcp_208327_hemi-R_img.nii.gz
hcp_208630_hemiL_,/scratch/jdekrake/training_data_b1000/hcp_208630_hemi-L_img.nii.gz
hcp_208630_hemiR_,/scratch/jdekrake/training_data_b1000/hcp_208630_hemi-R_img.nii.gz
hcp_209228_hemiL_,/scratch/jdekrake/training_data_b1000/hcp_209228_hemi-L_img.nii.gz
hcp_209228_hemiR_,/scratch/jdekrake/training_data_b1000/hcp_209228_hemi-R_img.nii.gz
hcp_209935_hemiL_,/scratch/jdekrake/training_data_b1000/hcp_209935_hemi-L_img.nii.gz
hcp_209935_hemiR_,/scratch/jdekrake/training_data_b1000/hcp_209935_hemi-R_img.nii.gz
hcp_210011_hemiL_,/scratch/jdekrake/training_data_b1000/hcp_210011_hemi-L_img.nii.gz
hcp_210011_hemiR_,/scratch/jdekrake/training_data_b1000/hcp_210011_hemi-R_img.nii.gz
hcp_210112_hemiL_,/scratch/jdekrake/training_data_b1000/hcp_210112_hemi-L_img.nii.gz
hcp_210112_hemiR_,/scratch/jdekrake/training_data_b1000/hcp_210112_hemi-R_img.nii.gz
hcp_210415_hemiL_,/scratch/jdekrake/training_data_b1000/hcp_210415_hemi-L_img.nii.gz
hcp_210415_hemiR_,/scratch/jdekrake/training_data_b1000/hcp_210415_hemi-R_img.nii.gz
hcp_211215_hemiL_,/scratch/jdekrake/training_data_b1000/hcp_211215_hemi-L_img.nii.gz
hcp_211215_hemiR_,/scratch/jdekrake/training_data_b1000/hcp_211215_hemi-R_img.nii.gz
hcp_211316_hemiL_,/scratch/jdekrake/training_data_b1000/hcp_211316_hemi-L_img.nii.gz
hcp_211316_hemiR_,/scratch/jdekrake/training_data_b1000/hcp_211316_hemi-R_img.nii.gz
hcp_211417_hemiL_,/scratch/jdekrake/training_data_b1000/hcp_211417_hemi-L_img.nii.gz
hcp_211417_hemiR_,/scratch/jdekrake/training_data_b1000/hcp_211417_hemi-R_img.nii.gz
hcp_211619_hemiL_,/scratch/jdekrake/training_data_b1000/hcp_211619_hemi-L_img.nii.gz
hcp_211619_hemiR_,/scratch/jdekrake/training_data_b1000/hcp_211619_hemi-R_img.nii.gz
hcp_211922_hemiL_,/scratch/jdekrake/training_data_b1000/hcp_211922_hemi-L_img.nii.gz
hcp_211922_hemiR_,/scratch/jdekrake/training_data_b1000/hcp_211922_hemi-R_img.nii.gz
hcp_212116_hemiL_,/scratch/jdekrake/training_data_b1000/hcp_212116_hemi-L_img.nii.gz
hcp_212116_hemiR_,/scratch/jdekrake/training_data_b1000/hcp_212116_hemi-R_img.nii.gz
hcp_212318_hemiL_,/scratch/jdekrake/training_data_b1000/hcp_212318_hemi-L_img.nii.gz
hcp_212318_hemiR_,/scratch/jdekrake/training_data_b1000/hcp_212318_hemi-R_img.nii.gz
hcp_212419_hemiL_,/scratch/jdekrake/training_data_b1000/hcp_212419_hemi-L_img.nii.gz
hcp_212419_hemiR_,/scratch/jdekrake/training_data_b1000/hcp_212419_hemi-R_img.nii.gz
hcp_213421_hemiL_,/scratch/jdekrake/training_data_b1000/hcp_213421_hemi-L_img.nii.gz
hcp_213421_hemiR_,/scratch/jdekrake/training_data_b1000/hcp_213421_hemi-R_img.nii.gz
hcp_214019_hemiL_,/scratch/jdekrake/training_data_b1000/hcp_214019_hemi-L_img.nii.gz
hcp_214019_hemiR_,/scratch/jdekrake/training_data_b1000/hcp_214019_hemi-R_img.nii.gz
hcp_214221_hemiL_,/scratch/jdekrake/training_data_b1000/hcp_214221_hemi-L_img.nii.gz
hcp_214221_hemiR_,/scratch/jdekrake/training_data_b1000/hcp_214221_hemi-R_img.nii.gz
hcp_214524_hemiL_,/scratch/jdekrake/training_data_b1000/hcp_214524_hemi-L_img.nii.gz
hcp_214524_hemiR_,/scratch/jdekrake/training_data_b1000/hcp_214524_hemi-R_img.nii.gz
hcp_217429_hemiL_,/scratch/jdekrake/training_data_b1000/hcp_217429_hemi-L_img.nii.gz
hcp_217429_hemiR_,/scratch/jdekrake/training_data_b1000/hcp_217429_hemi-R_img.nii.gz
hcp_219231_hemiL_,/scratch/jdekrake/training_data_b1000/hcp_219231_hemi-L_img.nii.gz
hcp_219231_hemiR_,/scratch/jdekrake/training_data_b1000/hcp_219231_hemi-R_img.nii.gz
hcp_221319_hemiL_,/scratch/jdekrake/training_data_b1000/hcp_221319_hemi-L_img.nii.gz
hcp_221319_hemiR_,/scratch/jdekrake/training_data_b1000/hcp_221319_hemi-R_img.nii.gz
hcp_223929_hemiL_,/scratch/jdekrake/training_data_b1000/hcp_223929_hemi-L_img.nii.gz
hcp_223929_hemiR_,/scratch/jdekrake/training_data_b1000/hcp_223929_hemi-R_img.nii.gz
hcp_224022_hemiL_,/scratch/jdekrake/training_data_b1000/hcp_224022_hemi-L_img.nii.gz
hcp_224022_hemiR_,/scratch/jdekrake/training_data_b1000/hcp_224022_hemi-R_img.nii.gz
hcp_227432_hemiL_,/scratch/jdekrake/training_data_b1000/hcp_227432_hemi-L_img.nii.gz
hcp_227432_hemiR_,/scratch/jdekrake/training_data_b1000/hcp_227432_hemi-R_img.nii.gz
hcp_233326_hemiL_,/scratch/jdekrake/training_data_b1000/hcp_233326_hemi-L_img.nii.gz
hcp_233326_hemiR_,/scratch/jdekrake/training_data_b1000/hcp_233326_hemi-R_img.nii.gz
hcp_237334_hemiL_,/scratch/jdekrake/training_data_b1000/hcp_237334_hemi-L_img.nii.gz
hcp_237334_hemiR_,/scratch/jdekrake/training_data_b1000/hcp_237334_hemi-R_img.nii.gz
hcp_238033_hemiL_,/scratch/jdekrake/training_data_b1000/hcp_238033_hemi-L_img.nii.gz
hcp_238033_hemiR_,/scratch/jdekrake/training_data_b1000/hcp_238033_hemi-R_img.nii.gz
hcp_239944_hemiL_,/scratch/jdekrake/training_data_b1000/hcp_239944_hemi-L_img.nii.gz
hcp_239944_hemiR_,/scratch/jdekrake/training_data_b1000/hcp_239944_hemi-R_img.nii.gz
hcp_248238_hemiL_,/scratch/jdekrake/training_data_b1000/hcp_248238_hemi-L_img.nii.gz
hcp_248238_hemiR_,/scratch/jdekrake/training_data_b1000/hcp_248238_hemi-R_img.nii.gz
hcp_249947_hemiL_,/scratch/jdekrake/training_data_b1000/hcp_249947_hemi-L_img.nii.gz
hcp_249947_hemiR_,/scratch/jdekrake/training_data_b1000/hcp_249947_hemi-R_img.nii.gz
hcp_250932_hemiL_,/scratch/jdekrake/training_data_b1000/hcp_250932_hemi-L_img.nii.gz
hcp_250932_hemiR_,/scratch/jdekrake/training_data_b1000/hcp_250932_hemi-R_img.nii.gz
hcp_255639_hemiL_,/scratch/jdekrake/training_data_b1000/hcp_255639_hemi-L_img.nii.gz
hcp_255639_hemiR_,/scratch/jdekrake/training_data_b1000/hcp_255639_hemi-R_img.nii.gz
hcp_255740_hemiL_,/scratch/jdekrake/training_data_b1000/hcp_255740_hemi-L_img.nii.gz
hcp_255740_hemiR_,/scratch/jdekrake/training_data_b1000/hcp_255740_hemi-R_img.nii.gz
hcp_256540_hemiL_,/scratch/jdekrake/training_data_b1000/hcp_256540_hemi-L_img.nii.gz
hcp_256540_hemiR_,/scratch/jdekrake/training_data_b1000/hcp_256540_hemi-R_img.nii.gz
hcp_257845_hemiL_,/scratch/jdekrake/training_data_b1000/hcp_257845_hemi-L_img.nii.gz
hcp_257845_hemiR_,/scratch/jdekrake/training_data_b1000/hcp_257845_hemi-R_img.nii.gz
hcp_257946_hemiL_,/scratch/jdekrake/training_data_b1000/hcp_257946_hemi-L_img.nii.gz
hcp_257946_hemiR_,/scratch/jdekrake/training_data_b1000/hcp_257946_hemi-R_img.nii.gz
hcp_280739_hemiL_,/scratch/jdekrake/training_data_b1000/hcp_280739_hemi-L_img.nii.gz
hcp_280739_hemiR_,/scratch/jdekrake/training_data_b1000/hcp_280739_hemi-R_img.nii.gz
hcp_280941_hemiL_,/scratch/jdekrake/training_data_b1000/hcp_280941_hemi-L_img.nii.gz
hcp_280941_hemiR_,/scratch/jdekrake/training_data_b1000/hcp_280941_hemi-R_img.nii.gz
hcp_281135_hemiL_,/scratch/jdekrake/training_data_b1000/hcp_281135_hemi-L_img.nii.gz
hcp_281135_hemiR_,/scratch/jdekrake/training_data_b1000/hcp_281135_hemi-R_img.nii.gz
hcp_283543_hemiL_,/scratch/jdekrake/training_data_b1000/hcp_283543_hemi-L_img.nii.gz
hcp_283543_hemiR_,/scratch/jdekrake/training_data_b1000/hcp_283543_hemi-R_img.nii.gz
hcp_285446_hemiL_,/scratch/jdekrake/training_data_b1000/hcp_285446_hemi-L_img.nii.gz
hcp_285446_hemiR_,/scratch/jdekrake/training_data_b1000/hcp_285446_hemi-R_img.nii.gz
hcp_286347_hemiL_,/scratch/jdekrake/training_data_b1000/hcp_286347_hemi-L_img.nii.gz
hcp_286347_hemiR_,/scratch/jdekrake/training_data_b1000/hcp_286347_hemi-R_img.nii.gz
hcp_287248_hemiL_,/scratch/jdekrake/training_data_b1000/hcp_287248_hemi-L_img.nii.gz
hcp_287248_hemiR_,/scratch/jdekrake/training_data_b1000/hcp_287248_hemi-R_img.nii.gz
hcp_289555_hemiL_,/scratch/jdekrake/training_data_b1000/hcp_289555_hemi-L_img.nii.gz
hcp_289555_hemiR_,/scratch/jdekrake/training_data_b1000/hcp_289555_hemi-R_img.nii.gz
hcp_293748_hemiL_,/scratch/jdekrake/training_data_b1000/hcp_293748_hemi-L_img.nii.gz
hcp_293748_hemiR_,/scratch/jdekrake/training_data_b1000/hcp_293748_hemi-R_img.nii.gz
hcp_298455_hemiL_,/scratch/jdekrake/training_data_b1000/hcp_298455_hemi-L_img.nii.gz
hcp_298455_hemiR_,/scratch/jdekrake/training_data_b1000/hcp_298455_hemi-R_img.nii.gz
hcp_300618_hemiL_,/scratch/jdekrake/training_data_b1000/hcp_300618_hemi-L_img.nii.gz
hcp_300618_hemiR_,/scratch/jdekrake/training_data_b1000/hcp_300618_hemi-R_img.nii.gz
hcp_303119_hemiL_,/scratch/jdekrake/training_data_b1000/hcp_303119_hemi-L_img.nii.gz
hcp_303119_hemiR_,/scratch/jdekrake/training_data_b1000/hcp_303119_hemi-R_img.nii.gz
hcp_304727_hemiL_,/scratch/jdekrake/training_data_b1000/hcp_304727_hemi-L_img.nii.gz
hcp_304727_hemiR_,/scratch/jdekrake/training_data_b1000/hcp_304727_hemi-R_img.nii.gz
hcp_305830_hemiL_,/scratch/jdekrake/training_data_b1000/hcp_305830_hemi-L_img.nii.gz
hcp_305830_hemiR_,/scratch/jdekrake/training_data_b1000/hcp_305830_hemi-R_img.nii.gz
hcp_307127_hemiL_,/scratch/jdekrake/training_data_b1000/hcp_307127_hemi-L_img.nii.gz
hcp_307127_hemiR_,/scratch/jdekrake/training_data_b1000/hcp_307127_hemi-R_img.nii.gz
hcp_309636_hemiL_,/scratch/jdekrake/training_data_b1000/hcp_309636_hemi-L_img.nii.gz
hcp_309636_hemiR_,/scratch/jdekrake/training_data_b1000/hcp_309636_hemi-R_img.nii.gz
hcp_310621_hemiL_,/scratch/jdekrake/training_data_b1000/hcp_310621_hemi-L_img.nii.gz
hcp_310621_hemiR_,/scratch/jdekrake/training_data_b1000/hcp_310621_hemi-R_img.nii.gz
hcp_311320_hemiL_,/scratch/jdekrake/training_data_b1000/hcp_311320_hemi-L_img.nii.gz
hcp_311320_hemiR_,/scratch/jdekrake/training_data_b1000/hcp_311320_hemi-R_img.nii.gz
hcp_314225_hemiL_,/scratch/jdekrake/training_data_b1000/hcp_314225_hemi-L_img.nii.gz
hcp_314225_hemiR_,/scratch/jdekrake/training_data_b1000/hcp_314225_hemi-R_img.nii.gz
hcp_317332_hemiL_,/scratch/jdekrake/training_data_b1000/hcp_317332_hemi-L_img.nii.gz
hcp_317332_hemiR_,/scratch/jdekrake/training_data_b1000/hcp_317332_hemi-R_img.nii.gz
hcp_318637_hemiL_,/scratch/jdekrake/training_data_b1000/hcp_318637_hemi-L_img.nii.gz
hcp_318637_hemiR_,/scratch/jdekrake/training_data_b1000/hcp_318637_hemi-R_img.nii.gz
hcp_320826_hemiL_,/scratch/jdekrake/training_data_b1000/hcp_320826_hemi-L_img.nii.gz
hcp_320826_hemiR_,/scratch/jdekrake/training_data_b1000/hcp_320826_hemi-R_img.nii.gz
hcp_321323_hemiL_,/scratch/jdekrake/training_data_b1000/hcp_321323_hemi-L_img.nii.gz
hcp_321323_hemiR_,/scratch/jdekrake/training_data_b1000/hcp_321323_hemi-R_img.nii.gz
hcp_325129_hemiL_,/scratch/jdekrake/training_data_b1000/hcp_325129_hemi-L_img.nii.gz
hcp_325129_hemiR_,/scratch/jdekrake/training_data_b1000/hcp_325129_hemi-R_img.nii.gz
hcp_329844_hemiL_,/scratch/jdekrake/training_data_b1000/hcp_329844_hemi-L_img.nii.gz
hcp_329844_hemiR_,/scratch/jdekrake/training_data_b1000/hcp_329844_hemi-R_img.nii.gz
hcp_336841_hemiL_,/scratch/jdekrake/training_data_b1000/hcp_336841_hemi-L_img.nii.gz
hcp_336841_hemiR_,/scratch/jdekrake/training_data_b1000/hcp_336841_hemi-R_img.nii.gz
hcp_341834_hemiL_,/scratch/jdekrake/training_data_b1000/hcp_341834_hemi-L_img.nii.gz
hcp_341834_hemiR_,/scratch/jdekrake/training_data_b1000/hcp_341834_hemi-R_img.nii.gz
hcp_346945_hemiL_,/scratch/jdekrake/training_data_b1000/hcp_346945_hemi-L_img.nii.gz
hcp_346945_hemiR_,/scratch/jdekrake/training_data_b1000/hcp_346945_hemi-R_img.nii.gz
hcp_348545_hemiL_,/scratch/jdekrake/training_data_b1000/hcp_348545_hemi-L_img.nii.gz
hcp_348545_hemiR_,/scratch/jdekrake/training_data_b1000/hcp_348545_hemi-R_img.nii.gz
hcp_350330_hemiL_,/scratch/jdekrake/training_data_b1000/hcp_350330_hemi-L_img.nii.gz
hcp_350330_hemiR_,/scratch/jdekrake/training_data_b1000/hcp_350330_hemi-R_img.nii.gz
hcp_351938_hemiL_,/scratch/jdekrake/training_data_b1000/hcp_351938_hemi-L_img.nii.gz
hcp_351938_hemiR_,/scratch/jdekrake/training_data_b1000/hcp_351938_hemi-R_img.nii.gz
hcp_352738_hemiL_,/scratch/jdekrake/training_data_b1000/hcp_352738_hemi-L_img.nii.gz
hcp_352738_hemiR_,/scratch/jdekrake/training_data_b1000/hcp_352738_hemi-R_img.nii.gz
hcp_355239_hemiL_,/scratch/jdekrake/training_data_b1000/hcp_355239_hemi-L_img.nii.gz
hcp_355239_hemiR_,/scratch/jdekrake/training_data_b1000/hcp_355239_hemi-R_img.nii.gz
hcp_360030_hemiL_,/scratch/jdekrake/training_data_b1000/hcp_360030_hemi-L_img.nii.gz
hcp_360030_hemiR_,/scratch/jdekrake/training_data_b1000/hcp_360030_hemi-R_img.nii.gz
hcp_361234_hemiL_,/scratch/jdekrake/training_data_b1000/hcp_361234_hemi-L_img.nii.gz
hcp_361234_hemiR_,/scratch/jdekrake/training_data_b1000/hcp_361234_hemi-R_img.nii.gz
hcp_365343_hemiL_,/scratch/jdekrake/training_data_b1000/hcp_365343_hemi-L_img.nii.gz
hcp_365343_hemiR_,/scratch/jdekrake/training_data_b1000/hcp_365343_hemi-R_img.nii.gz
hcp_368551_hemiL_,/scratch/jdekrake/training_data_b1000/hcp_368551_hemi-L_img.nii.gz
hcp_368551_hemiR_,/scratch/jdekrake/training_data_b1000/hcp_368551_hemi-R_img.nii.gz
hcp_368753_hemiL_,/scratch/jdekrake/training_data_b1000/hcp_368753_hemi-L_img.nii.gz
hcp_368753_hemiR_,/scratch/jdekrake/training_data_b1000/hcp_368753_hemi-R_img.nii.gz
hcp_376247_hemiL_,/scratch/jdekrake/training_data_b1000/hcp_376247_hemi-L_img.nii.gz
hcp_376247_hemiR_,/scratch/jdekrake/training_data_b1000/hcp_376247_hemi-R_img.nii.gz
hcp_378756_hemiL_,/scratch/jdekrake/training_data_b1000/hcp_378756_hemi-L_img.nii.gz
hcp_378756_hemiR_,/scratch/jdekrake/training_data_b1000/hcp_378756_hemi-R_img.nii.gz
hcp_378857_hemiL_,/scratch/jdekrake/training_data_b1000/hcp_378857_hemi-L_img.nii.gz
hcp_378857_hemiR_,/scratch/jdekrake/training_data_b1000/hcp_378857_hemi-R_img.nii.gz
hcp_379657_hemiL_,/scratch/jdekrake/training_data_b1000/hcp_379657_hemi-L_img.nii.gz
hcp_379657_hemiR_,/scratch/jdekrake/training_data_b1000/hcp_379657_hemi-R_img.nii.gz
hcp_380036_hemiL_,/scratch/jdekrake/training_data_b1000/hcp_380036_hemi-L_img.nii.gz
hcp_380036_hemiR_,/scratch/jdekrake/training_data_b1000/hcp_380036_hemi-R_img.nii.gz
hcp_381543_hemiL_,/scratch/jdekrake/training_data_b1000/hcp_381543_hemi-L_img.nii.gz
hcp_381543_hemiR_,/scratch/jdekrake/training_data_b1000/hcp_381543_hemi-R_img.nii.gz
hcp_382242_hemiL_,/scratch/jdekrake/training_data_b1000/hcp_382242_hemi-L_img.nii.gz
hcp_382242_hemiR_,/scratch/jdekrake/training_data_b1000/hcp_382242_hemi-R_img.nii.gz
hcp_385450_hemiL_,/scratch/jdekrake/training_data_b1000/hcp_385450_hemi-L_img.nii.gz
hcp_385450_hemiR_,/scratch/jdekrake/training_data_b1000/hcp_385450_hemi-R_img.nii.gz
hcp_387959_hemiL_,/scratch/jdekrake/training_data_b1000/hcp_387959_hemi-L_img.nii.gz
hcp_387959_hemiR_,/scratch/jdekrake/training_data_b1000/hcp_387959_hemi-R_img.nii.gz
hcp_390645_hemiL_,/scratch/jdekrake/training_data_b1000/hcp_390645_hemi-L_img.nii.gz
hcp_390645_hemiR_,/scratch/jdekrake/training_data_b1000/hcp_390645_hemi-R_img.nii.gz
hcp_391748_hemiL_,/scratch/jdekrake/training_data_b1000/hcp_391748_hemi-L_img.nii.gz
hcp_391748_hemiR_,/scratch/jdekrake/training_data_b1000/hcp_391748_hemi-R_img.nii.gz
hcp_393247_hemiL_,/scratch/jdekrake/training_data_b1000/hcp_393247_hemi-L_img.nii.gz
hcp_393247_hemiR_,/scratch/jdekrake/training_data_b1000/hcp_393247_hemi-R_img.nii.gz
hcp_394956_hemiL_,/scratch/jdekrake/training_data_b1000/hcp_394956_hemi-L_img.nii.gz
hcp_394956_hemiR_,/scratch/jdekrake/training_data_b1000/hcp_394956_hemi-R_img.nii.gz
hcp_395251_hemiL_,/scratch/jdekrake/training_data_b1000/hcp_395251_hemi-L_img.nii.gz
hcp_395251_hemiR_,/scratch/jdekrake/training_data_b1000/hcp_395251_hemi-R_img.nii.gz
hcp_395756_hemiL_,/scratch/jdekrake/training_data_b1000/hcp_395756_hemi-L_img.nii.gz
hcp_395756_hemiR_,/scratch/jdekrake/training_data_b1000/hcp_395756_hemi-R_img.nii.gz
hcp_397154_hemiL_,/scratch/jdekrake/training_data_b1000/hcp_397154_hemi-L_img.nii.gz
hcp_397154_hemiR_,/scratch/jdekrake/training_data_b1000/hcp_397154_hemi-R_img.nii.gz
hcp_397861_hemiL_,/scratch/jdekrake/training_data_b1000/hcp_397861_hemi-L_img.nii.gz
hcp_397861_hemiR_,/scratch/jdekrake/training_data_b1000/hcp_397861_hemi-R_img.nii.gz
hcp_401422_hemiL_,/scratch/jdekrake/training_data_b1000/hcp_401422_hemi-L_img.nii.gz
hcp_401422_hemiR_,/scratch/jdekrake/training_data_b1000/hcp_401422_hemi-R_img.nii.gz
hcp_412528_hemiL_,/scratch/jdekrake/training_data_b1000/hcp_412528_hemi-L_img.nii.gz
hcp_412528_hemiR_,/scratch/jdekrake/training_data_b1000/hcp_412528_hemi-R_img.nii.gz
hcp_422632_hemiL_,/scratch/jdekrake/training_data_b1000/hcp_422632_hemi-L_img.nii.gz
hcp_422632_hemiR_,/scratch/jdekrake/training_data_b1000/hcp_422632_hemi-R_img.nii.gz
hcp_433839_hemiL_,/scratch/jdekrake/training_data_b1000/hcp_433839_hemi-L_img.nii.gz
hcp_433839_hemiR_,/scratch/jdekrake/training_data_b1000/hcp_433839_hemi-R_img.nii.gz
hcp_436845_hemiL_,/scratch/jdekrake/training_data_b1000/hcp_436845_hemi-L_img.nii.gz
hcp_436845_hemiR_,/scratch/jdekrake/training_data_b1000/hcp_436845_hemi-R_img.nii.gz
hcp_441939_hemiL_,/scratch/jdekrake/training_data_b1000/hcp_441939_hemi-L_img.nii.gz
hcp_441939_hemiR_,/scratch/jdekrake/training_data_b1000/hcp_441939_hemi-R_img.nii.gz
hcp_445543_hemiL_,/scratch/jdekrake/training_data_b1000/hcp_445543_hemi-L_img.nii.gz
hcp_445543_hemiR_,/scratch/jdekrake/training_data_b1000/hcp_445543_hemi-R_img.nii.gz
hcp_448347_hemiL_,/scratch/jdekrake/training_data_b1000/hcp_448347_hemi-L_img.nii.gz
hcp_448347_hemiR_,/scratch/jdekrake/training_data_b1000/hcp_448347_hemi-R_img.nii.gz
hcp_449753_hemiL_,/scratch/jdekrake/training_data_b1000/hcp_449753_hemi-L_img.nii.gz
hcp_449753_hemiR_,/scratch/jdekrake/training_data_b1000/hcp_449753_hemi-R_img.nii.gz
hcp_453441_hemiL_,/scratch/jdekrake/training_data_b1000/hcp_453441_hemi-L_img.nii.gz
hcp_453441_hemiR_,/scratch/jdekrake/training_data_b1000/hcp_453441_hemi-R_img.nii.gz
hcp_453542_hemiL_,/scratch/jdekrake/training_data_b1000/hcp_453542_hemi-L_img.nii.gz
hcp_453542_hemiR_,/scratch/jdekrake/training_data_b1000/hcp_453542_hemi-R_img.nii.gz
hcp_454140_hemiL_,/scratch/jdekrake/training_data_b1000/hcp_454140_hemi-L_img.nii.gz
hcp_454140_hemiR_,/scratch/jdekrake/training_data_b1000/hcp_454140_hemi-R_img.nii.gz
hcp_456346_hemiL_,/scratch/jdekrake/training_data_b1000/hcp_456346_hemi-L_img.nii.gz
hcp_456346_hemiR_,/scratch/jdekrake/training_data_b1000/hcp_456346_hemi-R_img.nii.gz
hcp_459453_hemiL_,/scratch/jdekrake/training_data_b1000/hcp_459453_hemi-L_img.nii.gz
hcp_459453_hemiR_,/scratch/jdekrake/training_data_b1000/hcp_459453_hemi-R_img.nii.gz
hcp_462139_hemiL_,/scratch/jdekrake/training_data_b1000/hcp_462139_hemi-L_img.nii.gz
hcp_462139_hemiR_,/scratch/jdekrake/training_data_b1000/hcp_462139_hemi-R_img.nii.gz
hcp_463040_hemiL_,/scratch/jdekrake/training_data_b1000/hcp_463040_hemi-L_img.nii.gz
hcp_463040_hemiR_,/scratch/jdekrake/training_data_b1000/hcp_463040_hemi-R_img.nii.gz
hcp_465852_hemiL_,/scratch/jdekrake/training_data_b1000/hcp_465852_hemi-L_img.nii.gz
hcp_465852_hemiR_,/scratch/jdekrake/training_data_b1000/hcp_465852_hemi-R_img.nii.gz
hcp_467351_hemiL_,/scratch/jdekrake/training_data_b1000/hcp_467351_hemi-L_img.nii.gz
hcp_467351_hemiR_,/scratch/jdekrake/training_data_b1000/hcp_467351_hemi-R_img.nii.gz
hcp_468050_hemiL_,/scratch/jdekrake/training_data_b1000/hcp_468050_hemi-L_img.nii.gz
hcp_468050_hemiR_,/scratch/jdekrake/training_data_b1000/hcp_468050_hemi-R_img.nii.gz
hcp_473952_hemiL_,/scratch/jdekrake/training_data_b1000/hcp_473952_hemi-L_img.nii.gz
hcp_473952_hemiR_,/scratch/jdekrake/training_data_b1000/hcp_473952_hemi-R_img.nii.gz
hcp_475855_hemiL_,/scratch/jdekrake/training_data_b1000/hcp_475855_hemi-L_img.nii.gz
hcp_475855_hemiR_,/scratch/jdekrake/training_data_b1000/hcp_475855_hemi-R_img.nii.gz
hcp_485757_hemiL_,/scratch/jdekrake/training_data_b1000/hcp_485757_hemi-L_img.nii.gz
hcp_485757_hemiR_,/scratch/jdekrake/training_data_b1000/hcp_485757_hemi-R_img.nii.gz
hcp_486759_hemiL_,/scratch/jdekrake/training_data_b1000/hcp_486759_hemi-L_img.nii.gz
hcp_486759_hemiR_,/scratch/jdekrake/training_data_b1000/hcp_486759_hemi-R_img.nii.gz
hcp_495255_hemiL_,/scratch/jdekrake/training_data_b1000/hcp_495255_hemi-L_img.nii.gz
hcp_495255_hemiR_,/scratch/jdekrake/training_data_b1000/hcp_495255_hemi-R_img.nii.gz
hcp_497865_hemiL_,/scratch/jdekrake/training_data_b1000/hcp_497865_hemi-L_img.nii.gz
hcp_497865_hemiR_,/scratch/jdekrake/training_data_b1000/hcp_497865_hemi-R_img.nii.gz
hcp_499566_hemiL_,/scratch/jdekrake/training_data_b1000/hcp_499566_hemi-L_img.nii.gz
hcp_499566_hemiR_,/scratch/jdekrake/training_data_b1000/hcp_499566_hemi-R_img.nii.gz
hcp_500222_hemiL_,/scratch/jdekrake/training_data_b1000/hcp_500222_hemi-L_img.nii.gz
hcp_500222_hemiR_,/scratch/jdekrake/training_data_b1000/hcp_500222_hemi-R_img.nii.gz
hcp_510225_hemiL_,/scratch/jdekrake/training_data_b1000/hcp_510225_hemi-L_img.nii.gz
hcp_510225_hemiR_,/scratch/jdekrake/training_data_b1000/hcp_510225_hemi-R_img.nii.gz
hcp_510326_hemiL_,/scratch/jdekrake/training_data_b1000/hcp_510326_hemi-L_img.nii.gz
hcp_510326_hemiR_,/scratch/jdekrake/training_data_b1000/hcp_510326_hemi-R_img.nii.gz
hcp_513130_hemiL_,/scratch/jdekrake/training_data_b1000/hcp_513130_hemi-L_img.nii.gz
hcp_513130_hemiR_,/scratch/jdekrake/training_data_b1000/hcp_513130_hemi-R_img.nii.gz
hcp_517239_hemiL_,/scratch/jdekrake/training_data_b1000/hcp_517239_hemi-L_img.nii.gz
hcp_517239_hemiR_,/scratch/jdekrake/training_data_b1000/hcp_517239_hemi-R_img.nii.gz
hcp_518746_hemiL_,/scratch/jdekrake/training_data_b1000/hcp_518746_hemi-L_img.nii.gz
hcp_518746_hemiR_,/scratch/jdekrake/training_data_b1000/hcp_518746_hemi-R_img.nii.gz
hcp_519950_hemiL_,/scratch/jdekrake/training_data_b1000/hcp_519950_hemi-L_img.nii.gz
hcp_519950_hemiR_,/scratch/jdekrake/training_data_b1000/hcp_519950_hemi-R_img.nii.gz
hcp_520228_hemiL_,/scratch/jdekrake/training_data_b1000/hcp_520228_hemi-L_img.nii.gz
hcp_520228_hemiR_,/scratch/jdekrake/training_data_b1000/hcp_520228_hemi-R_img.nii.gz
hcp_524135_hemiL_,/scratch/jdekrake/training_data_b1000/hcp_524135_hemi-L_img.nii.gz
hcp_524135_hemiR_,/scratch/jdekrake/training_data_b1000/hcp_524135_hemi-R_img.nii.gz
hcp_529549_hemiL_,/scratch/jdekrake/training_data_b1000/hcp_529549_hemi-L_img.nii.gz
hcp_529549_hemiR_,/scratch/jdekrake/training_data_b1000/hcp_529549_hemi-R_img.nii.gz
hcp_529953_hemiL_,/scratch/jdekrake/training_data_b1000/hcp_529953_hemi-L_img.nii.gz
hcp_529953_hemiR_,/scratch/jdekrake/training_data_b1000/hcp_529953_hemi-R_img.nii.gz
hcp_531536_hemiL_,/scratch/jdekrake/training_data_b1000/hcp_531536_hemi-L_img.nii.gz
hcp_531536_hemiR_,/scratch/jdekrake/training_data_b1000/hcp_531536_hemi-R_img.nii.gz
hcp_540436_hemiL_,/scratch/jdekrake/training_data_b1000/hcp_540436_hemi-L_img.nii.gz
hcp_540436_hemiR_,/scratch/jdekrake/training_data_b1000/hcp_540436_hemi-R_img.nii.gz
hcp_541943_hemiL_,/scratch/jdekrake/training_data_b1000/hcp_541943_hemi-L_img.nii.gz
hcp_541943_hemiR_,/scratch/jdekrake/training_data_b1000/hcp_541943_hemi-R_img.nii.gz
hcp_545345_hemiL_,/scratch/jdekrake/training_data_b1000/hcp_545345_hemi-L_img.nii.gz
hcp_545345_hemiR_,/scratch/jdekrake/training_data_b1000/hcp_545345_hemi-R_img.nii.gz
hcp_547046_hemiL_,/scratch/jdekrake/training_data_b1000/hcp_547046_hemi-L_img.nii.gz
hcp_547046_hemiR_,/scratch/jdekrake/training_data_b1000/hcp_547046_hemi-R_img.nii.gz
hcp_549757_hemiL_,/scratch/jdekrake/training_data_b1000/hcp_549757_hemi-L_img.nii.gz
hcp_549757_hemiR_,/scratch/jdekrake/training_data_b1000/hcp_549757_hemi-R_img.nii.gz
hcp_550439_hemiL_,/scratch/jdekrake/training_data_b1000/hcp_550439_hemi-L_img.nii.gz
hcp_550439_hemiR_,/scratch/jdekrake/training_data_b1000/hcp_550439_hemi-R_img.nii.gz
hcp_552241_hemiL_,/scratch/jdekrake/training_data_b1000/hcp_552241_hemi-L_img.nii.gz
hcp_552241_hemiR_,/scratch/jdekrake/training_data_b1000/hcp_552241_hemi-R_img.nii.gz
hcp_555348_hemiL_,/scratch/jdekrake/training_data_b1000/hcp_555348_hemi-L_img.nii.gz
hcp_555348_hemiR_,/scratch/jdekrake/training_data_b1000/hcp_555348_hemi-R_img.nii.gz
hcp_555651_hemiL_,/scratch/jdekrake/training_data_b1000/hcp_555651_hemi-L_img.nii.gz
hcp_555651_hemiR_,/scratch/jdekrake/training_data_b1000/hcp_555651_hemi-R_img.nii.gz
hcp_557857_hemiL_,/scratch/jdekrake/training_data_b1000/hcp_557857_hemi-L_img.nii.gz
hcp_557857_hemiR_,/scratch/jdekrake/training_data_b1000/hcp_557857_hemi-R_img.nii.gz
hcp_558657_hemiL_,/scratch/jdekrake/training_data_b1000/hcp_558657_hemi-L_img.nii.gz
hcp_558657_hemiR_,/scratch/jdekrake/training_data_b1000/hcp_558657_hemi-R_img.nii.gz
hcp_558960_hemiL_,/scratch/jdekrake/training_data_b1000/hcp_558960_hemi-L_img.nii.gz
hcp_558960_hemiR_,/scratch/jdekrake/training_data_b1000/hcp_558960_hemi-R_img.nii.gz
hcp_559053_hemiL_,/scratch/jdekrake/training_data_b1000/hcp_559053_hemi-L_img.nii.gz
hcp_559053_hemiR_,/scratch/jdekrake/training_data_b1000/hcp_559053_hemi-R_img.nii.gz
hcp_559457_hemiL_,/scratch/jdekrake/training_data_b1000/hcp_559457_hemi-L_img.nii.gz
hcp_559457_hemiR_,/scratch/jdekrake/training_data_b1000/hcp_559457_hemi-R_img.nii.gz
hcp_562446_hemiL_,/scratch/jdekrake/training_data_b1000/hcp_562446_hemi-L_img.nii.gz
hcp_562446_hemiR_,/scratch/jdekrake/training_data_b1000/hcp_562446_hemi-R_img.nii.gz
hcp_566454_hemiL_,/scratch/jdekrake/training_data_b1000/hcp_566454_hemi-L_img.nii.gz
hcp_566454_hemiR_,/scratch/jdekrake/training_data_b1000/hcp_566454_hemi-R_img.nii.gz
hcp_567052_hemiL_,/scratch/jdekrake/training_data_b1000/hcp_567052_hemi-L_img.nii.gz
hcp_567052_hemiR_,/scratch/jdekrake/training_data_b1000/hcp_567052_hemi-R_img.nii.gz
hcp_567759_hemiL_,/scratch/jdekrake/training_data_b1000/hcp_567759_hemi-L_img.nii.gz
hcp_567759_hemiR_,/scratch/jdekrake/training_data_b1000/hcp_567759_hemi-R_img.nii.gz
hcp_567961_hemiL_,/scratch/jdekrake/training_data_b1000/hcp_567961_hemi-L_img.nii.gz
hcp_567961_hemiR_,/scratch/jdekrake/training_data_b1000/hcp_567961_hemi-R_img.nii.gz
hcp_568963_hemiL_,/scratch/jdekrake/training_data_b1000/hcp_568963_hemi-L_img.nii.gz
hcp_568963_hemiR_,/scratch/jdekrake/training_data_b1000/hcp_568963_hemi-R_img.nii.gz
hcp_569965_hemiL_,/scratch/jdekrake/training_data_b1000/hcp_569965_hemi-L_img.nii.gz
hcp_569965_hemiR_,/scratch/jdekrake/training_data_b1000/hcp_569965_hemi-R_img.nii.gz
hcp_571548_hemiL_,/scratch/jdekrake/training_data_b1000/hcp_571548_hemi-L_img.nii.gz
hcp_571548_hemiR_,/scratch/jdekrake/training_data_b1000/hcp_571548_hemi-R_img.nii.gz
hcp_572045_hemiL_,/scratch/jdekrake/training_data_b1000/hcp_572045_hemi-L_img.nii.gz
hcp_572045_hemiR_,/scratch/jdekrake/training_data_b1000/hcp_572045_hemi-R_img.nii.gz
hcp_576255_hemiL_,/scratch/jdekrake/training_data_b1000/hcp_576255_hemi-L_img.nii.gz
hcp_576255_hemiR_,/scratch/jdekrake/training_data_b1000/hcp_576255_hemi-R_img.nii.gz
hcp_578057_hemiL_,/scratch/jdekrake/training_data_b1000/hcp_578057_hemi-L_img.nii.gz
hcp_578057_hemiR_,/scratch/jdekrake/training_data_b1000/hcp_578057_hemi-R_img.nii.gz
hcp_579867_hemiL_,/scratch/jdekrake/training_data_b1000/hcp_579867_hemi-L_img.nii.gz
hcp_579867_hemiR_,/scratch/jdekrake/training_data_b1000/hcp_579867_hemi-R_img.nii.gz
hcp_580044_hemiL_,/scratch/jdekrake/training_data_b1000/hcp_580044_hemi-L_img.nii.gz
hcp_580044_hemiR_,/scratch/jdekrake/training_data_b1000/hcp_580044_hemi-R_img.nii.gz
hcp_580347_hemiL_,/scratch/jdekrake/training_data_b1000/hcp_580347_hemi-L_img.nii.gz
hcp_580347_hemiR_,/scratch/jdekrake/training_data_b1000/hcp_580347_hemi-R_img.nii.gz
hcp_581450_hemiL_,/scratch/jdekrake/training_data_b1000/hcp_581450_hemi-L_img.nii.gz
hcp_581450_hemiR_,/scratch/jdekrake/training_data_b1000/hcp_581450_hemi-R_img.nii.gz
hcp_583858_hemiL_,/scratch/jdekrake/training_data_b1000/hcp_583858_hemi-L_img.nii.gz
hcp_583858_hemiR_,/scratch/jdekrake/training_data_b1000/hcp_583858_hemi-R_img.nii.gz
hcp_586460_hemiL_,/scratch/jdekrake/training_data_b1000/hcp_586460_hemi-L_img.nii.gz
hcp_586460_hemiR_,/scratch/jdekrake/training_data_b1000/hcp_586460_hemi-R_img.nii.gz
hcp_588565_hemiL_,/scratch/jdekrake/training_data_b1000/hcp_588565_hemi-L_img.nii.gz
hcp_588565_hemiR_,/scratch/jdekrake/training_data_b1000/hcp_588565_hemi-R_img.nii.gz
hcp_590047_hemiL_,/scratch/jdekrake/training_data_b1000/hcp_590047_hemi-L_img.nii.gz
hcp_590047_hemiR_,/scratch/jdekrake/training_data_b1000/hcp_590047_hemi-R_img.nii.gz
hcp_592455_hemiL_,/scratch/jdekrake/training_data_b1000/hcp_592455_hemi-L_img.nii.gz
hcp_592455_hemiR_,/scratch/jdekrake/training_data_b1000/hcp_592455_hemi-R_img.nii.gz
hcp_599065_hemiL_,/scratch/jdekrake/training_data_b1000/hcp_599065_hemi-L_img.nii.gz
hcp_599065_hemiR_,/scratch/jdekrake/training_data_b1000/hcp_599065_hemi-R_img.nii.gz
hcp_599671_hemiL_,/scratch/jdekrake/training_data_b1000/hcp_599671_hemi-L_img.nii.gz
hcp_599671_hemiR_,/scratch/jdekrake/training_data_b1000/hcp_599671_hemi-R_img.nii.gz
hcp_601127_hemiL_,/scratch/jdekrake/training_data_b1000/hcp_601127_hemi-L_img.nii.gz
hcp_601127_hemiR_,/scratch/jdekrake/training_data_b1000/hcp_601127_hemi-R_img.nii.gz
hcp_604537_hemiL_,/scratch/jdekrake/training_data_b1000/hcp_604537_hemi-L_img.nii.gz
hcp_604537_hemiR_,/scratch/jdekrake/training_data_b1000/hcp_604537_hemi-R_img.nii.gz
hcp_609143_hemiL_,/scratch/jdekrake/training_data_b1000/hcp_609143_hemi-L_img.nii.gz
hcp_609143_hemiR_,/scratch/jdekrake/training_data_b1000/hcp_609143_hemi-R_img.nii.gz
hcp_614439_hemiL_,/scratch/jdekrake/training_data_b1000/hcp_614439_hemi-L_img.nii.gz
hcp_614439_hemiR_,/scratch/jdekrake/training_data_b1000/hcp_614439_hemi-R_img.nii.gz
hcp_615441_hemiL_,/scratch/jdekrake/training_data_b1000/hcp_615441_hemi-L_img.nii.gz
hcp_615441_hemiR_,/scratch/jdekrake/training_data_b1000/hcp_615441_hemi-R_img.nii.gz
hcp_615744_hemiL_,/scratch/jdekrake/training_data_b1000/hcp_615744_hemi-L_img.nii.gz
hcp_615744_hemiR_,/scratch/jdekrake/training_data_b1000/hcp_615744_hemi-R_img.nii.gz
hcp_616645_hemiL_,/scratch/jdekrake/training_data_b1000/hcp_616645_hemi-L_img.nii.gz
hcp_616645_hemiR_,/scratch/jdekrake/training_data_b1000/hcp_616645_hemi-R_img.nii.gz
hcp_622236_hemiL_,/scratch/jdekrake/training_data_b1000/hcp_622236_hemi-L_img.nii.gz
hcp_622236_hemiR_,/scratch/jdekrake/training_data_b1000/hcp_622236_hemi-R_img.nii.gz
hcp_623844_hemiL_,/scratch/jdekrake/training_data_b1000/hcp_623844_hemi-L_img.nii.gz
hcp_623844_hemiR_,/scratch/jdekrake/training_data_b1000/hcp_623844_hemi-R_img.nii.gz
hcp_626648_hemiL_,/scratch/jdekrake/training_data_b1000/hcp_626648_hemi-L_img.nii.gz
hcp_626648_hemiR_,/scratch/jdekrake/training_data_b1000/hcp_626648_hemi-R_img.nii.gz
hcp_627549_hemiL_,/scratch/jdekrake/training_data_b1000/hcp_627549_hemi-L_img.nii.gz
hcp_627549_hemiR_,/scratch/jdekrake/training_data_b1000/hcp_627549_hemi-R_img.nii.gz
hcp_627852_hemiL_,/scratch/jdekrake/training_data_b1000/hcp_627852_hemi-L_img.nii.gz
hcp_627852_hemiR_,/scratch/jdekrake/training_data_b1000/hcp_627852_hemi-R_img.nii.gz
hcp_628248_hemiL_,/scratch/jdekrake/training_data_b1000/hcp_628248_hemi-L_img.nii.gz
hcp_628248_hemiR_,/scratch/jdekrake/training_data_b1000/hcp_628248_hemi-R_img.nii.gz
hcp_634748_hemiL_,/scratch/jdekrake/training_data_b1000/hcp_634748_hemi-L_img.nii.gz
hcp_634748_hemiR_,/scratch/jdekrake/training_data_b1000/hcp_634748_hemi-R_img.nii.gz
hcp_644246_hemiL_,/scratch/jdekrake/training_data_b1000/hcp_644246_hemi-L_img.nii.gz
hcp_644246_hemiR_,/scratch/jdekrake/training_data_b1000/hcp_644246_hemi-R_img.nii.gz
hcp_645551_hemiL_,/scratch/jdekrake/training_data_b1000/hcp_645551_hemi-L_img.nii.gz
hcp_645551_hemiR_,/scratch/jdekrake/training_data_b1000/hcp_645551_hemi-R_img.nii.gz
hcp_656253_hemiL_,/scratch/jdekrake/training_data_b1000/hcp_656253_hemi-L_img.nii.gz
hcp_656253_hemiR_,/scratch/jdekrake/training_data_b1000/hcp_656253_hemi-R_img.nii.gz
hcp_657659_hemiL_,/scratch/jdekrake/training_data_b1000/hcp_657659_hemi-L_img.nii.gz
hcp_657659_hemiR_,/scratch/jdekrake/training_data_b1000/hcp_657659_hemi-R_img.nii.gz
hcp_660951_hemiL_,/scratch/jdekrake/training_data_b1000/hcp_660951_hemi-L_img.nii.gz
hcp_660951_hemiR_,/scratch/jdekrake/training_data_b1000/hcp_660951_hemi-R_img.nii.gz
hcp_667056_hemiL_,/scratch/jdekrake/training_data_b1000/hcp_667056_hemi-L_img.nii.gz
hcp_667056_hemiR_,/scratch/jdekrake/training_data_b1000/hcp_667056_hemi-R_img.nii.gz
hcp_672756_hemiL_,/scratch/jdekrake/training_data_b1000/hcp_672756_hemi-L_img.nii.gz
hcp_672756_hemiR_,/scratch/jdekrake/training_data_b1000/hcp_672756_hemi-R_img.nii.gz
hcp_673455_hemiL_,/scratch/jdekrake/training_data_b1000/hcp_673455_hemi-L_img.nii.gz
hcp_673455_hemiR_,/scratch/jdekrake/training_data_b1000/hcp_673455_hemi-R_img.nii.gz
hcp_677766_hemiL_,/scratch/jdekrake/training_data_b1000/hcp_677766_hemi-L_img.nii.gz
hcp_677766_hemiR_,/scratch/jdekrake/training_data_b1000/hcp_677766_hemi-R_img.nii.gz
hcp_677968_hemiL_,/scratch/jdekrake/training_data_b1000/hcp_677968_hemi-L_img.nii.gz
hcp_677968_hemiR_,/scratch/jdekrake/training_data_b1000/hcp_677968_hemi-R_img.nii.gz
hcp_679568_hemiL_,/scratch/jdekrake/training_data_b1000/hcp_679568_hemi-L_img.nii.gz
hcp_679568_hemiR_,/scratch/jdekrake/training_data_b1000/hcp_679568_hemi-R_img.nii.gz
hcp_679770_hemiL_,/scratch/jdekrake/training_data_b1000/hcp_679770_hemi-L_img.nii.gz
hcp_679770_hemiR_,/scratch/jdekrake/training_data_b1000/hcp_679770_hemi-R_img.nii.gz
hcp_680250_hemiL_,/scratch/jdekrake/training_data_b1000/hcp_680250_hemi-L_img.nii.gz
hcp_680250_hemiR_,/scratch/jdekrake/training_data_b1000/hcp_680250_hemi-R_img.nii.gz
hcp_683256_hemiL_,/scratch/jdekrake/training_data_b1000/hcp_683256_hemi-L_img.nii.gz
hcp_683256_hemiR_,/scratch/jdekrake/training_data_b1000/hcp_683256_hemi-R_img.nii.gz
hcp_687163_hemiL_,/scratch/jdekrake/training_data_b1000/hcp_687163_hemi-L_img.nii.gz
hcp_687163_hemiR_,/scratch/jdekrake/training_data_b1000/hcp_687163_hemi-R_img.nii.gz
hcp_693461_hemiL_,/scratch/jdekrake/training_data_b1000/hcp_693461_hemi-L_img.nii.gz
hcp_693461_hemiR_,/scratch/jdekrake/training_data_b1000/hcp_693461_hemi-R_img.nii.gz
hcp_693764_hemiL_,/scratch/jdekrake/training_data_b1000/hcp_693764_hemi-L_img.nii.gz
hcp_693764_hemiR_,/scratch/jdekrake/training_data_b1000/hcp_693764_hemi-R_img.nii.gz
hcp_694362_hemiL_,/scratch/jdekrake/training_data_b1000/hcp_694362_hemi-L_img.nii.gz
hcp_694362_hemiR_,/scratch/jdekrake/training_data_b1000/hcp_694362_hemi-R_img.nii.gz
hcp_701535_hemiL_,/scratch/jdekrake/training_data_b1000/hcp_701535_hemi-L_img.nii.gz
hcp_701535_hemiR_,/scratch/jdekrake/training_data_b1000/hcp_701535_hemi-R_img.nii.gz
hcp_704238_hemiL_,/scratch/jdekrake/training_data_b1000/hcp_704238_hemi-L_img.nii.gz
hcp_704238_hemiR_,/scratch/jdekrake/training_data_b1000/hcp_704238_hemi-R_img.nii.gz
hcp_707749_hemiL_,/scratch/jdekrake/training_data_b1000/hcp_707749_hemi-L_img.nii.gz
hcp_707749_hemiR_,/scratch/jdekrake/training_data_b1000/hcp_707749_hemi-R_img.nii.gz
hcp_720337_hemiL_,/scratch/jdekrake/training_data_b1000/hcp_720337_hemi-L_img.nii.gz
hcp_720337_hemiR_,/scratch/jdekrake/training_data_b1000/hcp_720337_hemi-R_img.nii.gz
hcp_724446_hemiL_,/scratch/jdekrake/training_data_b1000/hcp_724446_hemi-L_img.nii.gz
hcp_724446_hemiR_,/scratch/jdekrake/training_data_b1000/hcp_724446_hemi-R_img.nii.gz
hcp_727553_hemiL_,/scratch/jdekrake/training_data_b1000/hcp_727553_hemi-L_img.nii.gz
hcp_727553_hemiR_,/scratch/jdekrake/training_data_b1000/hcp_727553_hemi-R_img.nii.gz
hcp_728454_hemiL_,/scratch/jdekrake/training_data_b1000/hcp_728454_hemi-L_img.nii.gz
hcp_728454_hemiR_,/scratch/jdekrake/training_data_b1000/hcp_728454_hemi-R_img.nii.gz
hcp_729557_hemiL_,/scratch/jdekrake/training_data_b1000/hcp_729557_hemi-L_img.nii.gz
hcp_729557_hemiR_,/scratch/jdekrake/training_data_b1000/hcp_729557_hemi-R_img.nii.gz
hcp_731140_hemiL_,/scratch/jdekrake/training_data_b1000/hcp_731140_hemi-L_img.nii.gz
hcp_731140_hemiR_,/scratch/jdekrake/training_data_b1000/hcp_731140_hemi-R_img.nii.gz
hcp_734045_hemiL_,/scratch/jdekrake/training_data_b1000/hcp_734045_hemi-L_img.nii.gz
hcp_734045_hemiR_,/scratch/jdekrake/training_data_b1000/hcp_734045_hemi-R_img.nii.gz
hcp_742549_hemiL_,/scratch/jdekrake/training_data_b1000/hcp_742549_hemi-L_img.nii.gz
hcp_742549_hemiR_,/scratch/jdekrake/training_data_b1000/hcp_742549_hemi-R_img.nii.gz
hcp_744553_hemiL_,/scratch/jdekrake/training_data_b1000/hcp_744553_hemi-L_img.nii.gz
hcp_744553_hemiR_,/scratch/jdekrake/training_data_b1000/hcp_744553_hemi-R_img.nii.gz
hcp_748258_hemiL_,/scratch/jdekrake/training_data_b1000/hcp_748258_hemi-L_img.nii.gz
hcp_748258_hemiR_,/scratch/jdekrake/training_data_b1000/hcp_748258_hemi-R_img.nii.gz
hcp_748662_hemiL_,/scratch/jdekrake/training_data_b1000/hcp_748662_hemi-L_img.nii.gz
hcp_748662_hemiR_,/scratch/jdekrake/training_data_b1000/hcp_748662_hemi-R_img.nii.gz
hcp_749361_hemiL_,/scratch/jdekrake/training_data_b1000/hcp_749361_hemi-L_img.nii.gz
hcp_749361_hemiR_,/scratch/jdekrake/training_data_b1000/hcp_749361_hemi-R_img.nii.gz
hcp_751348_hemiL_,/scratch/jdekrake/training_data_b1000/hcp_751348_hemi-L_img.nii.gz
hcp_751348_hemiR_,/scratch/jdekrake/training_data_b1000/hcp_751348_hemi-R_img.nii.gz
hcp_757764_hemiL_,/scratch/jdekrake/training_data_b1000/hcp_757764_hemi-L_img.nii.gz
hcp_757764_hemiR_,/scratch/jdekrake/training_data_b1000/hcp_757764_hemi-R_img.nii.gz
hcp_759869_hemiL_,/scratch/jdekrake/training_data_b1000/hcp_759869_hemi-L_img.nii.gz
hcp_759869_hemiR_,/scratch/jdekrake/training_data_b1000/hcp_759869_hemi-R_img.nii.gz
hcp_761957_hemiL_,/scratch/jdekrake/training_data_b1000/hcp_761957_hemi-L_img.nii.gz
hcp_761957_hemiR_,/scratch/jdekrake/training_data_b1000/hcp_761957_hemi-R_img.nii.gz
hcp_763557_hemiL_,/scratch/jdekrake/training_data_b1000/hcp_763557_hemi-L_img.nii.gz
hcp_763557_hemiR_,/scratch/jdekrake/training_data_b1000/hcp_763557_hemi-R_img.nii.gz
hcp_767464_hemiL_,/scratch/jdekrake/training_data_b1000/hcp_767464_hemi-L_img.nii.gz
hcp_767464_hemiR_,/scratch/jdekrake/training_data_b1000/hcp_767464_hemi-R_img.nii.gz
hcp_770352_hemiL_,/scratch/jdekrake/training_data_b1000/hcp_770352_hemi-L_img.nii.gz
hcp_770352_hemiR_,/scratch/jdekrake/training_data_b1000/hcp_770352_hemi-R_img.nii.gz
hcp_771354_hemiL_,/scratch/jdekrake/training_data_b1000/hcp_771354_hemi-L_img.nii.gz
hcp_771354_hemiR_,/scratch/jdekrake/training_data_b1000/hcp_771354_hemi-R_img.nii.gz
hcp_773257_hemiL_,/scratch/jdekrake/training_data_b1000/hcp_773257_hemi-L_img.nii.gz
hcp_773257_hemiR_,/scratch/jdekrake/training_data_b1000/hcp_773257_hemi-R_img.nii.gz
hcp_774663_hemiL_,/scratch/jdekrake/training_data_b1000/hcp_774663_hemi-L_img.nii.gz
hcp_774663_hemiR_,/scratch/jdekrake/training_data_b1000/hcp_774663_hemi-R_img.nii.gz
hcp_786569_hemiL_,/scratch/jdekrake/training_data_b1000/hcp_786569_hemi-L_img.nii.gz
hcp_786569_hemiR_,/scratch/jdekrake/training_data_b1000/hcp_786569_hemi-R_img.nii.gz
hcp_788876_hemiL_,/scratch/jdekrake/training_data_b1000/hcp_788876_hemi-L_img.nii.gz
hcp_788876_hemiR_,/scratch/jdekrake/training_data_b1000/hcp_788876_hemi-R_img.nii.gz
hcp_789373_hemiL_,/scratch/jdekrake/training_data_b1000/hcp_789373_hemi-L_img.nii.gz
hcp_789373_hemiR_,/scratch/jdekrake/training_data_b1000/hcp_789373_hemi-R_img.nii.gz
hcp_792564_hemiL_,/scratch/jdekrake/training_data_b1000/hcp_792564_hemi-L_img.nii.gz
hcp_792564_hemiR_,/scratch/jdekrake/training_data_b1000/hcp_792564_hemi-R_img.nii.gz
hcp_793465_hemiL_,/scratch/jdekrake/training_data_b1000/hcp_793465_hemi-L_img.nii.gz
hcp_793465_hemiR_,/scratch/jdekrake/training_data_b1000/hcp_793465_hemi-R_img.nii.gz
hcp_800941_hemiL_,/scratch/jdekrake/training_data_b1000/hcp_800941_hemi-L_img.nii.gz
hcp_800941_hemiR_,/scratch/jdekrake/training_data_b1000/hcp_800941_hemi-R_img.nii.gz
hcp_802844_hemiL_,/scratch/jdekrake/training_data_b1000/hcp_802844_hemi-L_img.nii.gz
hcp_802844_hemiR_,/scratch/jdekrake/training_data_b1000/hcp_802844_hemi-R_img.nii.gz
hcp_803240_hemiL_,/scratch/jdekrake/training_data_b1000/hcp_803240_hemi-L_img.nii.gz
hcp_803240_hemiR_,/scratch/jdekrake/training_data_b1000/hcp_803240_hemi-R_img.nii.gz
hcp_804646_hemiL_,/scratch/jdekrake/training_data_b1000/hcp_804646_hemi-L_img.nii.gz
hcp_804646_hemiR_,/scratch/jdekrake/training_data_b1000/hcp_804646_hemi-R_img.nii.gz
hcp_810843_hemiL_,/scratch/jdekrake/training_data_b1000/hcp_810843_hemi-L_img.nii.gz
hcp_810843_hemiR_,/scratch/jdekrake/training_data_b1000/hcp_810843_hemi-R_img.nii.gz
hcp_816653_hemiL_,/scratch/jdekrake/training_data_b1000/hcp_816653_hemi-L_img.nii.gz
hcp_816653_hemiR_,/scratch/jdekrake/training_data_b1000/hcp_816653_hemi-R_img.nii.gz
hcp_818455_hemiL_,/scratch/jdekrake/training_data_b1000/hcp_818455_hemi-L_img.nii.gz
hcp_818455_hemiR_,/scratch/jdekrake/training_data_b1000/hcp_818455_hemi-R_img.nii.gz
hcp_818859_hemiL_,/scratch/jdekrake/training_data_b1000/hcp_818859_hemi-L_img.nii.gz
hcp_818859_hemiR_,/scratch/jdekrake/training_data_b1000/hcp_818859_hemi-R_img.nii.gz
hcp_820745_hemiL_,/scratch/jdekrake/training_data_b1000/hcp_820745_hemi-L_img.nii.gz
hcp_820745_hemiR_,/scratch/jdekrake/training_data_b1000/hcp_820745_hemi-R_img.nii.gz
hcp_825048_hemiL_,/scratch/jdekrake/training_data_b1000/hcp_825048_hemi-L_img.nii.gz
hcp_825048_hemiR_,/scratch/jdekrake/training_data_b1000/hcp_825048_hemi-R_img.nii.gz
hcp_825553_hemiL_,/scratch/jdekrake/training_data_b1000/hcp_825553_hemi-L_img.nii.gz
hcp_825553_hemiR_,/scratch/jdekrake/training_data_b1000/hcp_825553_hemi-R_img.nii.gz
hcp_825654_hemiL_,/scratch/jdekrake/training_data_b1000/hcp_825654_hemi-L_img.nii.gz
hcp_825654_hemiR_,/scratch/jdekrake/training_data_b1000/hcp_825654_hemi-R_img.nii.gz
hcp_826353_hemiL_,/scratch/jdekrake/training_data_b1000/hcp_826353_hemi-L_img.nii.gz
hcp_826353_hemiR_,/scratch/jdekrake/training_data_b1000/hcp_826353_hemi-R_img.nii.gz
hcp_828862_hemiL_,/scratch/jdekrake/training_data_b1000/hcp_828862_hemi-L_img.nii.gz
hcp_828862_hemiR_,/scratch/jdekrake/training_data_b1000/hcp_828862_hemi-R_img.nii.gz
hcp_833249_hemiL_,/scratch/jdekrake/training_data_b1000/hcp_833249_hemi-L_img.nii.gz
hcp_833249_hemiR_,/scratch/jdekrake/training_data_b1000/hcp_833249_hemi-R_img.nii.gz
hcp_835657_hemiL_,/scratch/jdekrake/training_data_b1000/hcp_835657_hemi-L_img.nii.gz
hcp_835657_hemiR_,/scratch/jdekrake/training_data_b1000/hcp_835657_hemi-R_img.nii.gz
hcp_837964_hemiL_,/scratch/jdekrake/training_data_b1000/hcp_837964_hemi-L_img.nii.gz
hcp_837964_hemiR_,/scratch/jdekrake/training_data_b1000/hcp_837964_hemi-R_img.nii.gz
hcp_841349_hemiL_,/scratch/jdekrake/training_data_b1000/hcp_841349_hemi-L_img.nii.gz
hcp_841349_hemiR_,/scratch/jdekrake/training_data_b1000/hcp_841349_hemi-R_img.nii.gz
hcp_843151_hemiL_,/scratch/jdekrake/training_data_b1000/hcp_843151_hemi-L_img.nii.gz
hcp_843151_hemiR_,/scratch/jdekrake/training_data_b1000/hcp_843151_hemi-R_img.nii.gz
hcp_844961_hemiL_,/scratch/jdekrake/training_data_b1000/hcp_844961_hemi-L_img.nii.gz
hcp_844961_hemiR_,/scratch/jdekrake/training_data_b1000/hcp_844961_hemi-R_img.nii.gz
hcp_845458_hemiL_,/scratch/jdekrake/training_data_b1000/hcp_845458_hemi-L_img.nii.gz
hcp_845458_hemiR_,/scratch/jdekrake/training_data_b1000/hcp_845458_hemi-R_img.nii.gz
hcp_849971_hemiL_,/scratch/jdekrake/training_data_b1000/hcp_849971_hemi-L_img.nii.gz
hcp_849971_hemiR_,/scratch/jdekrake/training_data_b1000/hcp_849971_hemi-R_img.nii.gz
hcp_852455_hemiL_,/scratch/jdekrake/training_data_b1000/hcp_852455_hemi-L_img.nii.gz
hcp_852455_hemiR_,/scratch/jdekrake/training_data_b1000/hcp_852455_hemi-R_img.nii.gz
hcp_856463_hemiL_,/scratch/jdekrake/training_data_b1000/hcp_856463_hemi-L_img.nii.gz
hcp_856463_hemiR_,/scratch/jdekrake/training_data_b1000/hcp_856463_hemi-R_img.nii.gz
hcp_856766_hemiL_,/scratch/jdekrake/training_data_b1000/hcp_856766_hemi-L_img.nii.gz
hcp_856766_hemiR_,/scratch/jdekrake/training_data_b1000/hcp_856766_hemi-R_img.nii.gz
hcp_856968_hemiL_,/scratch/jdekrake/training_data_b1000/hcp_856968_hemi-L_img.nii.gz
hcp_856968_hemiR_,/scratch/jdekrake/training_data_b1000/hcp_856968_hemi-R_img.nii.gz
hcp_857263_hemiL_,/scratch/jdekrake/training_data_b1000/hcp_857263_hemi-L_img.nii.gz
hcp_857263_hemiR_,/scratch/jdekrake/training_data_b1000/hcp_857263_hemi-R_img.nii.gz
hcp_859671_hemiL_,/scratch/jdekrake/training_data_b1000/hcp_859671_hemi-L_img.nii.gz
hcp_859671_hemiR_,/scratch/jdekrake/training_data_b1000/hcp_859671_hemi-R_img.nii.gz
hcp_861456_hemiL_,/scratch/jdekrake/training_data_b1000/hcp_861456_hemi-L_img.nii.gz
hcp_861456_hemiR_,/scratch/jdekrake/training_data_b1000/hcp_861456_hemi-R_img.nii.gz
hcp_867468_hemiL_,/scratch/jdekrake/training_data_b1000/hcp_867468_hemi-L_img.nii.gz
hcp_867468_hemiR_,/scratch/jdekrake/training_data_b1000/hcp_867468_hemi-R_img.nii.gz
hcp_869472_hemiL_,/scratch/jdekrake/training_data_b1000/hcp_869472_hemi-L_img.nii.gz
hcp_869472_hemiR_,/scratch/jdekrake/training_data_b1000/hcp_869472_hemi-R_img.nii.gz
hcp_870861_hemiL_,/scratch/jdekrake/training_data_b1000/hcp_870861_hemi-L_img.nii.gz
hcp_870861_hemiR_,/scratch/jdekrake/training_data_b1000/hcp_870861_hemi-R_img.nii.gz
hcp_871762_hemiL_,/scratch/jdekrake/training_data_b1000/hcp_871762_hemi-L_img.nii.gz
hcp_871762_hemiR_,/scratch/jdekrake/training_data_b1000/hcp_871762_hemi-R_img.nii.gz
hcp_871964_hemiL_,/scratch/jdekrake/training_data_b1000/hcp_871964_hemi-L_img.nii.gz
hcp_871964_hemiR_,/scratch/jdekrake/training_data_b1000/hcp_871964_hemi-R_img.nii.gz
hcp_872158_hemiL_,/scratch/jdekrake/training_data_b1000/hcp_872158_hemi-L_img.nii.gz
hcp_872158_hemiR_,/scratch/jdekrake/training_data_b1000/hcp_872158_hemi-R_img.nii.gz
hcp_872562_hemiL_,/scratch/jdekrake/training_data_b1000/hcp_872562_hemi-L_img.nii.gz
hcp_872562_hemiR_,/scratch/jdekrake/training_data_b1000/hcp_872562_hemi-R_img.nii.gz
hcp_872764_hemiL_,/scratch/jdekrake/training_data_b1000/hcp_872764_hemi-L_img.nii.gz
hcp_872764_hemiR_,/scratch/jdekrake/training_data_b1000/hcp_872764_hemi-R_img.nii.gz
hcp_873968_hemiL_,/scratch/jdekrake/training_data_b1000/hcp_873968_hemi-L_img.nii.gz
hcp_873968_hemiR_,/scratch/jdekrake/training_data_b1000/hcp_873968_hemi-R_img.nii.gz
hcp_877168_hemiL_,/scratch/jdekrake/training_data_b1000/hcp_877168_hemi-L_img.nii.gz
hcp_877168_hemiR_,/scratch/jdekrake/training_data_b1000/hcp_877168_hemi-R_img.nii.gz
hcp_877269_hemiL_,/scratch/jdekrake/training_data_b1000/hcp_877269_hemi-L_img.nii.gz
hcp_877269_hemiR_,/scratch/jdekrake/training_data_b1000/hcp_877269_hemi-R_img.nii.gz
hcp_882161_hemiL_,/scratch/jdekrake/training_data_b1000/hcp_882161_hemi-L_img.nii.gz
hcp_882161_hemiR_,/scratch/jdekrake/training_data_b1000/hcp_882161_hemi-R_img.nii.gz
hcp_884064_hemiL_,/scratch/jdekrake/training_data_b1000/hcp_884064_hemi-L_img.nii.gz
hcp_884064_hemiR_,/scratch/jdekrake/training_data_b1000/hcp_884064_hemi-R_img.nii.gz
hcp_885975_hemiL_,/scratch/jdekrake/training_data_b1000/hcp_885975_hemi-L_img.nii.gz
hcp_885975_hemiR_,/scratch/jdekrake/training_data_b1000/hcp_885975_hemi-R_img.nii.gz
hcp_887373_hemiL_,/scratch/jdekrake/training_data_b1000/hcp_887373_hemi-L_img.nii.gz
hcp_887373_hemiR_,/scratch/jdekrake/training_data_b1000/hcp_887373_hemi-R_img.nii.gz
hcp_889579_hemiL_,/scratch/jdekrake/training_data_b1000/hcp_889579_hemi-L_img.nii.gz
hcp_889579_hemiR_,/scratch/jdekrake/training_data_b1000/hcp_889579_hemi-R_img.nii.gz
hcp_894067_hemiL_,/scratch/jdekrake/training_data_b1000/hcp_894067_hemi-L_img.nii.gz
hcp_894067_hemiR_,/scratch/jdekrake/training_data_b1000/hcp_894067_hemi-R_img.nii.gz
hcp_894673_hemiL_,/scratch/jdekrake/training_data_b1000/hcp_894673_hemi-L_img.nii.gz
hcp_894673_hemiR_,/scratch/jdekrake/training_data_b1000/hcp_894673_hemi-R_img.nii.gz
hcp_899885_hemiL_,/scratch/jdekrake/training_data_b1000/hcp_899885_hemi-L_img.nii.gz
hcp_899885_hemiR_,/scratch/jdekrake/training_data_b1000/hcp_899885_hemi-R_img.nii.gz
hcp_901442_hemiL_,/scratch/jdekrake/training_data_b1000/hcp_901442_hemi-L_img.nii.gz
hcp_901442_hemiR_,/scratch/jdekrake/training_data_b1000/hcp_901442_hemi-R_img.nii.gz
hcp_905147_hemiL_,/scratch/jdekrake/training_data_b1000/hcp_905147_hemi-L_img.nii.gz
hcp_905147_hemiR_,/scratch/jdekrake/training_data_b1000/hcp_905147_hemi-R_img.nii.gz
hcp_907656_hemiL_,/scratch/jdekrake/training_data_b1000/hcp_907656_hemi-L_img.nii.gz
hcp_907656_hemiR_,/scratch/jdekrake/training_data_b1000/hcp_907656_hemi-R_img.nii.gz
hcp_910241_hemiL_,/scratch/jdekrake/training_data_b1000/hcp_910241_hemi-L_img.nii.gz
hcp_910241_hemiR_,/scratch/jdekrake/training_data_b1000/hcp_910241_hemi-R_img.nii.gz
hcp_911849_hemiL_,/scratch/jdekrake/training_data_b1000/hcp_911849_hemi-L_img.nii.gz
hcp_911849_hemiR_,/scratch/jdekrake/training_data_b1000/hcp_911849_hemi-R_img.nii.gz
hcp_917255_hemiL_,/scratch/jdekrake/training_data_b1000/hcp_917255_hemi-L_img.nii.gz
hcp_917255_hemiR_,/scratch/jdekrake/training_data_b1000/hcp_917255_hemi-R_img.nii.gz
hcp_919966_hemiL_,/scratch/jdekrake/training_data_b1000/hcp_919966_hemi-L_img.nii.gz
hcp_919966_hemiR_,/scratch/jdekrake/training_data_b1000/hcp_919966_hemi-R_img.nii.gz
hcp_923755_hemiL_,/scratch/jdekrake/training_data_b1000/hcp_923755_hemi-L_img.nii.gz
hcp_923755_hemiR_,/scratch/jdekrake/training_data_b1000/hcp_923755_hemi-R_img.nii.gz
hcp_926862_hemiL_,/scratch/jdekrake/training_data_b1000/hcp_926862_hemi-L_img.nii.gz
hcp_926862_hemiR_,/scratch/jdekrake/training_data_b1000/hcp_926862_hemi-R_img.nii.gz
hcp_937160_hemiL_,/scratch/jdekrake/training_data_b1000/hcp_937160_hemi-L_img.nii.gz
hcp_937160_hemiR_,/scratch/jdekrake/training_data_b1000/hcp_937160_hemi-R_img.nii.gz
hcp_943862_hemiL_,/scratch/jdekrake/training_data_b1000/hcp_943862_hemi-L_img.nii.gz
hcp_943862_hemiR_,/scratch/jdekrake/training_data_b1000/hcp_943862_hemi-R_img.nii.gz
hcp_947668_hemiL_,/scratch/jdekrake/training_data_b1000/hcp_947668_hemi-L_img.nii.gz
hcp_947668_hemiR_,/scratch/jdekrake/training_data_b1000/hcp_947668_hemi-R_img.nii.gz
hcp_951457_hemiL_,/scratch/jdekrake/training_data_b1000/hcp_951457_hemi-L_img.nii.gz
hcp_951457_hemiR_,/scratch/jdekrake/training_data_b1000/hcp_951457_hemi-R_img.nii.gz
hcp_955465_hemiL_,/scratch/jdekrake/training_data_b1000/hcp_955465_hemi-L_img.nii.gz
hcp_955465_hemiR_,/scratch/jdekrake/training_data_b1000/hcp_955465_hemi-R_img.nii.gz
hcp_957974_hemiL_,/scratch/jdekrake/training_data_b1000/hcp_957974_hemi-L_img.nii.gz
hcp_957974_hemiR_,/scratch/jdekrake/training_data_b1000/hcp_957974_hemi-R_img.nii.gz
hcp_958976_hemiL_,/scratch/jdekrake/training_data_b1000/hcp_958976_hemi-L_img.nii.gz
hcp_958976_hemiR_,/scratch/jdekrake/training_data_b1000/hcp_958976_hemi-R_img.nii.gz
hcp_959574_hemiL_,/scratch/jdekrake/training_data_b1000/hcp_959574_hemi-L_img.nii.gz
hcp_959574_hemiR_,/scratch/jdekrake/training_data_b1000/hcp_959574_hemi-R_img.nii.gz
hcp_962058_hemiL_,/scratch/jdekrake/training_data_b1000/hcp_962058_hemi-L_img.nii.gz
hcp_962058_hemiR_,/scratch/jdekrake/training_data_b1000/hcp_962058_hemi-R_img.nii.gz
hcp_966975_hemiL_,/scratch/jdekrake/training_data_b1000/hcp_966975_hemi-L_img.nii.gz
hcp_966975_hemiR_,/scratch/jdekrake/training_data_b1000/hcp_966975_hemi-R_img.nii.gz
hcp_972566_hemiL_,/scratch/jdekrake/training_data_b1000/hcp_972566_hemi-L_img.nii.gz
hcp_972566_hemiR_,/scratch/jdekrake/training_data_b1000/hcp_972566_hemi-R_img.nii.gz
hcp_973770_hemiL_,/scratch/jdekrake/training_data_b1000/hcp_973770_hemi-L_img.nii.gz
hcp_973770_hemiR_,/scratch/jdekrake/training_data_b1000/hcp_973770_hemi-R_img.nii.gz
hcp_978578_hemiL_,/scratch/jdekrake/training_data_b1000/hcp_978578_hemi-L_img.nii.gz
hcp_978578_hemiR_,/scratch/jdekrake/training_data_b1000/hcp_978578_hemi-R_img.nii.gz
hcp_983773_hemiL_,/scratch/jdekrake/training_data_b1000/hcp_983773_hemi-L_img.nii.gz
hcp_983773_hemiR_,/scratch/jdekrake/training_data_b1000/hcp_983773_hemi-R_img.nii.gz
hcp_989987_hemiL_,/scratch/jdekrake/training_data_b1000/hcp_989987_hemi-L_img.nii.gz
hcp_989987_hemiR_,/scratch/jdekrake/training_data_b1000/hcp_989987_hemi-R_img.nii.gz
hcp_992774_hemiL_,/scratch/jdekrake/training_data_b1000/hcp_992774_hemi-L_img.nii.gz
hcp_992774_hemiR_,/scratch/jdekrake/training_data_b1000/hcp_992774_hemi-R_img.nii.gz
hcp_995174_hemiL_,/scratch/jdekrake/training_data_b1000/hcp_995174_hemi-L_img.nii.gz
hcp_995174_hemiR_,/scratch/jdekrake/training_data_b1000/hcp_995174_hemi-R_img.nii.gz
hcp_996782_hemiL_,/scratch/jdekrake/training_data_b1000/hcp_996782_hemi-L_img.nii.gz
hcp_996782_hemiR_,/scratch/jdekrake/training_data_b1000/hcp_996782_hemi-R_img.nii.gz
